time,availPrbDl,availPrbUl,measPeriodPdcpBytes,measPeriodPrb,measTimeStampRf,nrCellIdentity,pdcpBytesDl,pdcpBytesUl,step,throughput,x,y
2024-07-28T12:16:42.807944Z,78,91,2,485,2024-07-28 12:16:42.803009,1,278.24714673267084,278.24714673267084,0,278.24714673267084,250,300
2024-07-28T12:16:43.238631Z,70,66,46,341,2024-07-28 12:16:42.803043,2,202.5966669686604,202.5966669686604,0,202.5966669686604,500,125
2024-07-28T12:16:43.660366Z,84,68,10,677,2024-07-28 12:16:42.803051,3,380.07684220908146,380.07684220908146,0,380.07684220908146,750,300
2024-07-28T12:16:44.087493Z,61,96,89,265,2024-07-28 12:16:42.803057,4,151.26578528948838,151.26578528948838,0,151.26578528948838,750,700
2024-07-28T12:16:44.531422Z,25,88,89,211,2024-07-28 12:16:42.803062,5,126.34864584486671,126.34864584486671,0,126.34864584486671,500,875
2024-07-28T12:16:44.955449Z,100,10,27,218,2024-07-28 12:16:42.803068,6,126.3391334216141,126.3391334216141,0,126.3391334216141,250,700
2024-07-28T12:17:22.947428Z,24,18,24,485,2024-07-28 12:17:22.942676,1,278.24714673267084,278.24714673267084,1,278.24714673267084,250,300
2024-07-28T12:17:23.370480Z,94,100,95,341,2024-07-28 12:17:22.942710,2,202.5966669686604,202.5966669686604,1,202.5966669686604,500,125
2024-07-28T12:17:23.793456Z,63,30,60,677,2024-07-28 12:17:22.942724,3,380.07684220908146,380.07684220908146,1,380.07684220908146,750,300
2024-07-28T12:17:24.217318Z,80,21,38,265,2024-07-28 12:17:22.942734,4,151.26578528948838,151.26578528948838,1,151.26578528948838,750,700
2024-07-28T12:17:24.641422Z,29,14,20,211,2024-07-28 12:17:22.942741,5,126.34864584486671,126.34864584486671,1,126.34864584486671,500,875
2024-07-28T12:17:25.074592Z,55,42,67,218,2024-07-28 12:17:22.942748,6,126.3391334216141,126.3391334216141,1,126.3391334216141,250,700
2024-07-28T12:18:02.811901Z,59,1,51,485,2024-07-28 12:18:02.807762,1,278.24714673267084,278.24714673267084,2,278.24714673267084,250,300
2024-07-28T12:18:03.233810Z,74,76,40,341,2024-07-28 12:18:02.807792,2,202.5966669686604,202.5966669686604,2,202.5966669686604,500,125
2024-07-28T12:18:03.655938Z,12,42,15,677,2024-07-28 12:18:02.807801,3,380.07684220908146,380.07684220908146,2,380.07684220908146,750,300
2024-07-28T12:18:04.076565Z,11,19,26,265,2024-07-28 12:18:02.807807,4,151.26578528948838,151.26578528948838,2,151.26578528948838,750,700
2024-07-28T12:18:04.551112Z,95,10,4,211,2024-07-28 12:18:02.807814,5,126.34864584486671,126.34864584486671,2,126.34864584486671,500,875
2024-07-28T12:18:04.974876Z,32,90,57,218,2024-07-28 12:18:02.807820,6,126.3391334216141,126.3391334216141,2,126.3391334216141,250,700
2024-07-28T12:18:43.103651Z,81,77,72,485,2024-07-28 12:18:43.097965,1,278.24714673267084,278.24714673267084,3,278.24714673267084,250,300
2024-07-28T12:18:43.537952Z,92,79,41,341,2024-07-28 12:18:43.097999,2,202.5966669686604,202.5966669686604,3,202.5966669686604,500,125
2024-07-28T12:18:43.963389Z,65,20,17,677,2024-07-28 12:18:43.098007,3,380.07684220908146,380.07684220908146,3,380.07684220908146,750,300
2024-07-28T12:18:44.386919Z,26,73,25,265,2024-07-28 12:18:43.098014,4,151.26578528948838,151.26578528948838,3,151.26578528948838,750,700
2024-07-28T12:18:44.814026Z,14,45,38,211,2024-07-28 12:18:43.098021,5,126.34864584486671,126.34864584486671,3,126.34864584486671,500,875
2024-07-28T12:18:45.255714Z,8,9,48,218,2024-07-28 12:18:43.098028,6,126.3391334216141,126.3391334216141,3,126.3391334216141,250,700
2024-07-28T12:19:23.282124Z,75,25,49,485,2024-07-28 12:19:23.277125,1,278.24714673267084,278.24714673267084,4,278.24714673267084,250,300
2024-07-28T12:19:23.733043Z,10,15,84,341,2024-07-28 12:19:23.277155,2,202.5966669686604,202.5966669686604,4,202.5966669686604,500,125
2024-07-28T12:19:24.162561Z,100,79,67,677,2024-07-28 12:19:23.277163,3,380.07684220908146,380.07684220908146,4,380.07684220908146,750,300
2024-07-28T12:19:24.591804Z,65,100,87,265,2024-07-28 12:19:23.277169,4,151.26578528948838,151.26578528948838,4,151.26578528948838,750,700
2024-07-28T12:19:25.017459Z,15,28,83,211,2024-07-28 12:19:23.277176,5,126.34864584486671,126.34864584486671,4,126.34864584486671,500,875
2024-07-28T12:19:25.450261Z,79,99,35,218,2024-07-28 12:19:23.277185,6,126.3391334216141,126.3391334216141,4,126.3391334216141,250,700
2024-07-28T12:20:03.276449Z,10,37,100,485,2024-07-28 12:20:03.272312,1,278.24714673267084,278.24714673267084,5,278.24714673267084,250,300
2024-07-28T12:20:03.710305Z,49,62,53,341,2024-07-28 12:20:03.272348,2,202.5966669686604,202.5966669686604,5,202.5966669686604,500,125
2024-07-28T12:20:04.138623Z,32,76,79,677,2024-07-28 12:20:03.272358,3,380.07684220908146,380.07684220908146,5,380.07684220908146,750,300
2024-07-28T12:20:04.562090Z,57,57,21,265,2024-07-28 12:20:03.272366,4,151.26578528948838,151.26578528948838,5,151.26578528948838,750,700
2024-07-28T12:20:04.985677Z,31,6,99,211,2024-07-28 12:20:03.272373,5,126.34864584486671,126.34864584486671,5,126.34864584486671,500,875
2024-07-28T12:20:05.418952Z,20,14,80,218,2024-07-28 12:20:03.272380,6,126.3391334216141,126.3391334216141,5,126.3391334216141,250,700
2024-07-28T12:20:43.249656Z,60,88,43,485,2024-07-28 12:20:43.245550,1,278.24714673267084,278.24714673267084,6,278.24714673267084,250,300
2024-07-28T12:20:43.671172Z,1,90,90,341,2024-07-28 12:20:43.245579,2,202.5966669686604,202.5966669686604,6,202.5966669686604,500,125
2024-07-28T12:20:44.093026Z,6,10,97,677,2024-07-28 12:20:43.245586,3,380.07684220908146,380.07684220908146,6,380.07684220908146,750,300
2024-07-28T12:20:44.520683Z,47,83,2,265,2024-07-28 12:20:43.245593,4,151.26578528948838,151.26578528948838,6,151.26578528948838,750,700
2024-07-28T12:20:44.949642Z,95,4,29,211,2024-07-28 12:20:43.245600,5,126.34864584486671,126.34864584486671,6,126.34864584486671,500,875
2024-07-28T12:20:45.370514Z,67,50,79,218,2024-07-28 12:20:43.245607,6,126.3391334216141,126.3391334216141,6,126.3391334216141,250,700
2024-07-28T12:20:46.626142Z,87,99,37,485,2024-07-28 12:20:46.620776,1,278.24714673267084,278.24714673267084,7,278.24714673267084,250,300
2024-07-28T12:20:47.058485Z,53,37,55,341,2024-07-28 12:20:46.620801,2,202.5966669686604,202.5966669686604,7,202.5966669686604,500,125
2024-07-28T12:20:47.493196Z,87,5,81,677,2024-07-28 12:20:46.620809,3,380.07684220908146,380.07684220908146,7,380.07684220908146,750,300
2024-07-28T12:20:47.914459Z,22,54,81,265,2024-07-28 12:20:46.620816,4,151.26578528948838,151.26578528948838,7,151.26578528948838,750,700
2024-07-28T12:20:48.334850Z,60,53,55,211,2024-07-28 12:20:46.620822,5,126.34864584486671,126.34864584486671,7,126.34864584486671,500,875
2024-07-28T12:20:48.761779Z,3,25,98,218,2024-07-28 12:20:46.620829,6,126.3391334216141,126.3391334216141,7,126.3391334216141,250,700
2024-07-28T12:21:26.455622Z,65,47,64,485,2024-07-28 12:21:26.451342,1,278.24714673267084,278.24714673267084,8,278.24714673267084,250,300
2024-07-28T12:21:26.879720Z,43,70,48,341,2024-07-28 12:21:26.451377,2,202.5966669686604,202.5966669686604,8,202.5966669686604,500,125
2024-07-28T12:21:27.308928Z,20,17,73,677,2024-07-28 12:21:26.451385,3,380.07684220908146,380.07684220908146,8,380.07684220908146,750,300
2024-07-28T12:21:27.732929Z,87,53,95,265,2024-07-28 12:21:26.451391,4,151.26578528948838,151.26578528948838,8,151.26578528948838,750,700
2024-07-28T12:21:28.160831Z,39,15,47,211,2024-07-28 12:21:26.451399,5,126.34864584486671,126.34864584486671,8,126.34864584486671,500,875
2024-07-28T12:21:28.583204Z,64,64,42,218,2024-07-28 12:21:26.451406,6,126.3391334216141,126.3391334216141,8,126.3391334216141,250,700
2024-07-28T12:22:06.633875Z,73,32,45,485,2024-07-28 12:22:06.628854,1,278.24714673267084,278.24714673267084,9,278.24714673267084,250,300
2024-07-28T12:22:07.053495Z,91,90,76,341,2024-07-28 12:22:06.628892,2,202.5966669686604,202.5966669686604,9,202.5966669686604,500,125
2024-07-28T12:22:07.475222Z,40,60,33,677,2024-07-28 12:22:06.628904,3,380.07684220908146,380.07684220908146,9,380.07684220908146,750,300
2024-07-28T12:22:07.893971Z,72,63,52,265,2024-07-28 12:22:06.628916,4,151.26578528948838,151.26578528948838,9,151.26578528948838,750,700
2024-07-28T12:22:08.319455Z,37,29,1,211,2024-07-28 12:22:06.628926,5,126.34864584486671,126.34864584486671,9,126.34864584486671,500,875
2024-07-28T12:22:08.738142Z,98,45,33,218,2024-07-28 12:22:06.628937,6,126.3391334216141,126.3391334216141,9,126.3391334216141,250,700
2024-07-28T12:22:46.802531Z,29,96,83,485,2024-07-28 12:22:46.798010,1,278.24714673267084,278.24714673267084,10,278.24714673267084,250,300
2024-07-28T12:22:47.249289Z,39,63,43,341,2024-07-28 12:22:46.798042,2,202.5966669686604,202.5966669686604,10,202.5966669686604,500,125
2024-07-28T12:22:47.668965Z,67,25,49,677,2024-07-28 12:22:46.798050,3,380.07684220908146,380.07684220908146,10,380.07684220908146,750,300
2024-07-28T12:22:48.100918Z,36,72,90,265,2024-07-28 12:22:46.798057,4,151.26578528948838,151.26578528948838,10,151.26578528948838,750,700
2024-07-28T12:22:48.521161Z,61,37,65,211,2024-07-28 12:22:46.798063,5,126.34864584486671,126.34864584486671,10,126.34864584486671,500,875
2024-07-28T12:22:48.944170Z,76,50,71,218,2024-07-28 12:22:46.798070,6,126.3391334216141,126.3391334216141,10,126.3391334216141,250,700
2024-07-28T12:23:27.105978Z,31,36,80,485,2024-07-28 12:23:27.100198,1,278.24714673267084,278.24714673267084,11,278.24714673267084,250,300
2024-07-28T12:23:27.529386Z,18,18,63,341,2024-07-28 12:23:27.100228,2,202.5966669686604,202.5966669686604,11,202.5966669686604,500,125
2024-07-28T12:23:27.950666Z,85,8,26,677,2024-07-28 12:23:27.100237,3,380.07684220908146,380.07684220908146,11,380.07684220908146,750,300
2024-07-28T12:23:28.382122Z,1,70,37,265,2024-07-28 12:23:27.100244,4,151.26578528948838,151.26578528948838,11,151.26578528948838,750,700
2024-07-28T12:23:28.813414Z,75,3,63,211,2024-07-28 12:23:27.100250,5,126.34864584486671,126.34864584486671,11,126.34864584486671,500,875
2024-07-28T12:23:29.239323Z,93,95,6,218,2024-07-28 12:23:27.100257,6,126.3391334216141,126.3391334216141,11,126.3391334216141,250,700
2024-07-28T12:24:07.466212Z,87,65,41,485,2024-07-28 12:24:07.460040,1,278.24714673267084,278.24714673267084,12,278.24714673267084,250,300
2024-07-28T12:24:07.888350Z,90,82,29,341,2024-07-28 12:24:07.460077,2,202.5966669686604,202.5966669686604,12,202.5966669686604,500,125
2024-07-28T12:24:08.322128Z,67,4,65,677,2024-07-28 12:24:07.460085,3,380.07684220908146,380.07684220908146,12,380.07684220908146,750,300
2024-07-28T12:24:08.745099Z,1,89,52,265,2024-07-28 12:24:07.460092,4,151.26578528948838,151.26578528948838,12,151.26578528948838,750,700
2024-07-28T12:24:09.174613Z,52,88,52,211,2024-07-28 12:24:07.460099,5,126.34864584486671,126.34864584486671,12,126.34864584486671,500,875
2024-07-28T12:24:09.597877Z,69,2,19,218,2024-07-28 12:24:07.460105,6,126.3391334216141,126.3391334216141,12,126.3391334216141,250,700
2024-07-28T12:24:47.470277Z,49,2,100,485,2024-07-28 12:24:47.465648,1,278.24714673267084,278.24714673267084,13,278.24714673267084,250,300
2024-07-28T12:24:47.892306Z,10,94,24,341,2024-07-28 12:24:47.465680,2,202.5966669686604,202.5966669686604,13,202.5966669686604,500,125
2024-07-28T12:24:48.311495Z,78,36,32,677,2024-07-28 12:24:47.465688,3,380.07684220908146,380.07684220908146,13,380.07684220908146,750,300
2024-07-28T12:24:48.737941Z,64,56,28,265,2024-07-28 12:24:47.465695,4,151.26578528948838,151.26578528948838,13,151.26578528948838,750,700
2024-07-28T12:24:49.164482Z,12,65,55,211,2024-07-28 12:24:47.465703,5,126.34864584486671,126.34864584486671,13,126.34864584486671,500,875
2024-07-28T12:24:49.597389Z,92,98,10,218,2024-07-28 12:24:47.465711,6,126.3391334216141,126.3391334216141,13,126.3391334216141,250,700
2024-07-28T12:25:27.909658Z,31,9,64,485,2024-07-28 12:25:27.901077,1,278.24714673267084,278.24714673267084,14,278.24714673267084,250,300
2024-07-28T12:25:28.347222Z,68,19,70,341,2024-07-28 12:25:27.901109,2,202.5966669686604,202.5966669686604,14,202.5966669686604,500,125
2024-07-28T12:25:28.767658Z,68,77,87,677,2024-07-28 12:25:27.901117,3,380.07684220908146,380.07684220908146,14,380.07684220908146,750,300
2024-07-28T12:25:29.187602Z,10,38,12,265,2024-07-28 12:25:27.901123,4,151.26578528948838,151.26578528948838,14,151.26578528948838,750,700
2024-07-28T12:25:29.606446Z,20,44,66,211,2024-07-28 12:25:27.901130,5,126.34864584486671,126.34864584486671,14,126.34864584486671,500,875
2024-07-28T12:25:30.034068Z,98,42,91,218,2024-07-28 12:25:27.901137,6,126.3391334216141,126.3391334216141,14,126.3391334216141,250,700
2024-07-28T12:26:08.114208Z,43,70,41,485,2024-07-28 12:26:08.109499,1,278.24714673267084,278.24714673267084,15,278.24714673267084,250,300
2024-07-28T12:26:08.535140Z,29,3,27,341,2024-07-28 12:26:08.109527,2,202.5966669686604,202.5966669686604,15,202.5966669686604,500,125
2024-07-28T12:26:08.953735Z,77,11,27,677,2024-07-28 12:26:08.109535,3,380.07684220908146,380.07684220908146,15,380.07684220908146,750,300
2024-07-28T12:26:09.375747Z,69,87,82,265,2024-07-28 12:26:08.109541,4,151.26578528948838,151.26578528948838,15,151.26578528948838,750,700
2024-07-28T12:26:09.800586Z,46,70,48,211,2024-07-28 12:26:08.109547,5,126.34864584486671,126.34864584486671,15,126.34864584486671,500,875
2024-07-28T12:26:10.229121Z,28,4,13,218,2024-07-28 12:26:08.109554,6,126.3391334216141,126.3391334216141,15,126.3391334216141,250,700
2024-07-28T12:26:47.939181Z,15,42,71,485,2024-07-28 12:26:47.932516,1,278.24714673267084,278.24714673267084,16,278.24714673267084,250,300
2024-07-28T12:26:48.365728Z,48,26,45,341,2024-07-28 12:26:47.932545,2,202.5966669686604,202.5966669686604,16,202.5966669686604,500,125
2024-07-28T12:26:48.795966Z,78,15,6,677,2024-07-28 12:26:47.932553,3,380.07684220908146,380.07684220908146,16,380.07684220908146,750,300
2024-07-28T12:26:49.226320Z,61,46,76,265,2024-07-28 12:26:47.932560,4,151.26578528948838,151.26578528948838,16,151.26578528948838,750,700
2024-07-28T12:26:49.644895Z,40,67,36,211,2024-07-28 12:26:47.932567,5,126.34864584486671,126.34864584486671,16,126.34864584486671,500,875
2024-07-28T12:26:50.067337Z,6,49,37,218,2024-07-28 12:26:47.932573,6,126.3391334216141,126.3391334216141,16,126.3391334216141,250,700
2024-07-28T12:27:27.819974Z,83,15,60,485,2024-07-28 12:27:27.813697,1,278.24714673267084,278.24714673267084,17,278.24714673267084,250,300
2024-07-28T12:27:28.241261Z,28,64,45,341,2024-07-28 12:27:27.813727,2,202.5966669686604,202.5966669686604,17,202.5966669686604,500,125
2024-07-28T12:27:28.663599Z,34,78,6,677,2024-07-28 12:27:27.813735,3,380.07684220908146,380.07684220908146,17,380.07684220908146,750,300
2024-07-28T12:27:29.089524Z,24,85,44,265,2024-07-28 12:27:27.813741,4,151.26578528948838,151.26578528948838,17,151.26578528948838,750,700
2024-07-28T12:27:29.509437Z,9,52,38,211,2024-07-28 12:27:27.813748,5,126.34864584486671,126.34864584486671,17,126.34864584486671,500,875
2024-07-28T12:27:29.931716Z,85,100,75,218,2024-07-28 12:27:27.813755,6,126.3391334216141,126.3391334216141,17,126.3391334216141,250,700
2024-07-28T12:28:07.677940Z,42,83,22,485,2024-07-28 12:28:07.672051,1,278.24714673267084,278.24714673267084,18,278.24714673267084,250,300
2024-07-28T12:28:08.105359Z,99,77,12,341,2024-07-28 12:28:07.672083,2,202.5966669686604,202.5966669686604,18,202.5966669686604,500,125
2024-07-28T12:28:08.527452Z,63,72,64,677,2024-07-28 12:28:07.672090,3,380.07684220908146,380.07684220908146,18,380.07684220908146,750,300
2024-07-28T12:28:08.947193Z,72,95,26,265,2024-07-28 12:28:07.672096,4,151.26578528948838,151.26578528948838,18,151.26578528948838,750,700
2024-07-28T12:28:09.371584Z,56,33,52,211,2024-07-28 12:28:07.672103,5,126.34864584486671,126.34864584486671,18,126.34864584486671,500,875
2024-07-28T12:28:09.790547Z,70,50,13,218,2024-07-28 12:28:07.672110,6,126.3391334216141,126.3391334216141,18,126.3391334216141,250,700
2024-07-28T12:28:47.508417Z,37,6,24,485,2024-07-28 12:28:47.503368,1,278.24714673267084,278.24714673267084,19,278.24714673267084,250,300
2024-07-28T12:28:47.936715Z,87,29,72,341,2024-07-28 12:28:47.503399,2,202.5966669686604,202.5966669686604,19,202.5966669686604,500,125
2024-07-28T12:28:48.356251Z,35,87,84,677,2024-07-28 12:28:47.503407,3,380.07684220908146,380.07684220908146,19,380.07684220908146,750,300
2024-07-28T12:28:48.780150Z,67,2,35,265,2024-07-28 12:28:47.503414,4,151.26578528948838,151.26578528948838,19,151.26578528948838,750,700
2024-07-28T12:28:49.208593Z,6,6,24,211,2024-07-28 12:28:47.503420,5,126.34864584486671,126.34864584486671,19,126.34864584486671,500,875
2024-07-28T12:28:49.628886Z,5,100,80,218,2024-07-28 12:28:47.503427,6,126.3391334216141,126.3391334216141,19,126.3391334216141,250,700
2024-07-28T12:29:27.803797Z,54,54,39,485,2024-07-28 12:29:27.799156,1,278.24714673267084,278.24714673267084,20,278.24714673267084,250,300
2024-07-28T12:29:28.224925Z,15,22,28,341,2024-07-28 12:29:27.799185,2,202.5966669686604,202.5966669686604,20,202.5966669686604,500,125
2024-07-28T12:29:28.646332Z,25,53,24,677,2024-07-28 12:29:27.799192,3,380.07684220908146,380.07684220908146,20,380.07684220908146,750,300
2024-07-28T12:29:29.077560Z,54,45,84,265,2024-07-28 12:29:27.799257,4,151.26578528948838,151.26578528948838,20,151.26578528948838,750,700
2024-07-28T12:29:29.501604Z,56,23,96,211,2024-07-28 12:29:27.799275,5,126.34864584486671,126.34864584486671,20,126.34864584486671,500,875
2024-07-28T12:29:29.933793Z,90,24,61,218,2024-07-28 12:29:27.799286,6,126.3391334216141,126.3391334216141,20,126.3391334216141,250,700
2024-07-28T12:30:07.962755Z,13,93,39,485,2024-07-28 12:30:07.958545,1,278.24714673267084,278.24714673267084,21,278.24714673267084,250,300
2024-07-28T12:30:08.381992Z,89,93,31,341,2024-07-28 12:30:07.958576,2,202.5966669686604,202.5966669686604,21,202.5966669686604,500,125
2024-07-28T12:30:08.800633Z,52,24,54,677,2024-07-28 12:30:07.958584,3,380.07684220908146,380.07684220908146,21,380.07684220908146,750,300
2024-07-28T12:30:09.219634Z,35,65,2,265,2024-07-28 12:30:07.958592,4,151.26578528948838,151.26578528948838,21,151.26578528948838,750,700
2024-07-28T12:30:09.639391Z,35,51,31,211,2024-07-28 12:30:07.958598,5,126.34864584486671,126.34864584486671,21,126.34864584486671,500,875
2024-07-28T12:30:10.059353Z,51,76,59,218,2024-07-28 12:30:07.958608,6,126.3391334216141,126.3391334216141,21,126.3391334216141,250,700
2024-07-28T12:30:48.285959Z,86,5,56,485,2024-07-28 12:30:48.280926,1,278.24714673267084,278.24714673267084,22,278.24714673267084,250,300
2024-07-28T12:30:48.723512Z,84,18,32,341,2024-07-28 12:30:48.280958,2,202.5966669686604,202.5966669686604,22,202.5966669686604,500,125
2024-07-28T12:30:49.203813Z,91,36,80,677,2024-07-28 12:30:48.280966,3,380.07684220908146,380.07684220908146,22,380.07684220908146,750,300
2024-07-28T12:30:49.639573Z,96,51,23,265,2024-07-28 12:30:48.280972,4,151.26578528948838,151.26578528948838,22,151.26578528948838,750,700
2024-07-28T12:30:50.074721Z,81,49,59,211,2024-07-28 12:30:48.280979,5,126.34864584486671,126.34864584486671,22,126.34864584486671,500,875
2024-07-28T12:30:50.495299Z,53,23,16,218,2024-07-28 12:30:48.280988,6,126.3391334216141,126.3391334216141,22,126.3391334216141,250,700
2024-07-28T12:31:28.515607Z,86,50,93,485,2024-07-28 12:31:28.511256,1,278.24714673267084,278.24714673267084,23,278.24714673267084,250,300
2024-07-28T12:31:28.938228Z,51,5,52,341,2024-07-28 12:31:28.511286,2,202.5966669686604,202.5966669686604,23,202.5966669686604,500,125
2024-07-28T12:31:29.361653Z,77,8,38,677,2024-07-28 12:31:28.511294,3,380.07684220908146,380.07684220908146,23,380.07684220908146,750,300
2024-07-28T12:31:29.782546Z,93,92,4,265,2024-07-28 12:31:28.511301,4,151.26578528948838,151.26578528948838,23,151.26578528948838,750,700
2024-07-28T12:31:30.203449Z,21,13,3,211,2024-07-28 12:31:28.511308,5,126.34864584486671,126.34864584486671,23,126.34864584486671,500,875
2024-07-28T12:31:30.630299Z,15,75,83,218,2024-07-28 12:31:28.511316,6,126.3391334216141,126.3391334216141,23,126.3391334216141,250,700
2024-07-28T12:32:08.749981Z,25,7,94,532,2024-07-28 12:32:08.744778,1,303.4570637034663,303.4570637034663,24,303.4570637034663,250,300
2024-07-28T12:32:09.170395Z,71,83,19,213,2024-07-28 12:32:08.744825,2,126.5622746936303,126.5622746936303,24,126.5622746936303,500,125
2024-07-28T12:32:09.589683Z,6,27,17,770,2024-07-28 12:32:08.744842,3,430.7314713377207,430.7314713377207,24,430.7314713377207,750,300
2024-07-28T12:32:10.010291Z,53,23,91,311,2024-07-28 12:32:08.744855,4,176.56914467301752,176.56914467301752,24,176.56914467301752,750,700
2024-07-28T12:32:10.431086Z,44,51,82,171,2024-07-28 12:32:08.744868,5,100.7526982485919,100.7526982485919,24,100.7526982485919,500,875
2024-07-28T12:32:10.858787Z,28,30,15,218,2024-07-28 12:32:08.744882,6,126.3391334216141,126.3391334216141,24,126.3391334216141,250,700
2024-07-28T12:32:49.174271Z,74,31,55,1011,2024-07-28 12:32:49.169224,1,354.0846108373089,354.0846108373089,25,354.0846108373089,250,300
2024-07-28T12:32:49.609540Z,3,75,93,86,2024-07-28 12:32:49.169272,2,50.36995460089226,50.36995460089226,25,50.36995460089226,500,125
2024-07-28T12:32:50.055580Z,25,97,60,961,2024-07-28 12:32:49.169286,3,531.5459522838024,531.5459522838024,25,531.5459522838024,750,300
2024-07-28T12:32:50.480506Z,70,65,9,406,2024-07-28 12:32:49.169299,4,227.26780675765127,227.26780675765127,25,227.26780675765127,750,700
2024-07-28T12:32:50.906234Z,35,45,20,90,2024-07-28 12:32:49.169311,5,50.307341981999244,50.307341981999244,25,50.307341981999244,500,875
2024-07-28T12:32:51.331804Z,11,61,96,85,2024-07-28 12:32:49.169341,6,50.70237769081598,50.70237769081598,25,50.70237769081598,250,700
2024-07-28T12:33:29.677625Z,11,41,91,1011,2024-07-28 12:33:29.671571,1,354.0846108373089,354.0846108373089,26,354.0846108373089,250,300
2024-07-28T12:33:30.111626Z,25,59,63,86,2024-07-28 12:33:29.671607,2,50.36995460089226,50.36995460089226,26,50.36995460089226,500,125
2024-07-28T12:33:30.544828Z,46,69,27,961,2024-07-28 12:33:29.671615,3,531.5459522838024,531.5459522838024,26,531.5459522838024,750,300
2024-07-28T12:33:30.970164Z,26,31,7,406,2024-07-28 12:33:29.671622,4,227.26780675765127,227.26780675765127,26,227.26780675765127,750,700
2024-07-28T12:33:31.392431Z,33,3,40,90,2024-07-28 12:33:29.671629,5,50.307341981999244,50.307341981999244,26,50.307341981999244,500,875
2024-07-28T12:33:31.815131Z,95,79,94,85,2024-07-28 12:33:29.671635,6,50.70237769081598,50.70237769081598,26,50.70237769081598,250,700
2024-07-28T12:34:10.065046Z,72,1,28,590,2024-07-28 12:34:10.060850,1,329.03036937592816,329.03036937592816,27,329.03036937592816,250,300
2024-07-28T12:34:10.484860Z,45,53,11,86,2024-07-28 12:34:10.060883,2,50.36995460089226,50.36995460089226,27,50.36995460089226,500,125
2024-07-28T12:34:10.906017Z,60,13,24,1300,2024-07-28 12:34:10.060891,3,539.881782914874,539.881782914874,27,539.881782914874,750,300
2024-07-28T12:34:11.326417Z,79,87,23,456,2024-07-28 12:34:10.060898,4,252.48805645962128,252.48805645962128,27,252.48805645962128,750,700
2024-07-28T12:34:11.746969Z,93,38,48,44,2024-07-28 12:34:10.060906,5,25.0746949169964,25.0746949169964,27,25.0746949169964,500,875
2024-07-28T12:34:12.166513Z,85,53,28,85,2024-07-28 12:34:10.060913,6,50.70237769081598,50.70237769081598,27,50.70237769081598,250,700
2024-07-28T12:34:50.492823Z,5,80,55,590,2024-07-28 12:34:50.488638,1,329.03036937592816,329.03036937592816,28,329.03036937592816,250,300
2024-07-28T12:34:50.914044Z,83,7,18,86,2024-07-28 12:34:50.488670,2,50.36995460089226,50.36995460089226,28,50.36995460089226,500,125
2024-07-28T12:34:51.336496Z,44,26,43,1300,2024-07-28 12:34:50.488678,3,539.881782914874,539.881782914874,28,539.881782914874,750,300
2024-07-28T12:34:51.758990Z,66,81,91,456,2024-07-28 12:34:50.488685,4,252.48805645962128,252.48805645962128,28,252.48805645962128,750,700
2024-07-28T12:34:52.184321Z,94,20,44,44,2024-07-28 12:34:50.488691,5,25.0746949169964,25.0746949169964,28,25.0746949169964,500,875
2024-07-28T12:34:52.605147Z,58,14,50,85,2024-07-28 12:34:50.488697,6,50.70237769081598,50.70237769081598,28,50.70237769081598,250,700
2024-07-28T12:35:30.925818Z,62,30,28,590,2024-07-28 12:35:30.920459,1,329.03036937592816,329.03036937592816,29,329.03036937592816,250,300
2024-07-28T12:35:31.352577Z,89,59,45,86,2024-07-28 12:35:30.920500,2,50.36995460089226,50.36995460089226,29,50.36995460089226,500,125
2024-07-28T12:35:31.787585Z,99,73,54,1300,2024-07-28 12:35:30.920513,3,539.881782914874,539.881782914874,29,539.881782914874,750,300
2024-07-28T12:35:32.207672Z,69,74,22,456,2024-07-28 12:35:30.920524,4,252.48805645962128,252.48805645962128,29,252.48805645962128,750,700
2024-07-28T12:35:32.628973Z,53,59,41,44,2024-07-28 12:35:30.920534,5,25.0746949169964,25.0746949169964,29,25.0746949169964,500,875
2024-07-28T12:35:33.055601Z,39,22,67,85,2024-07-28 12:35:30.920552,6,50.70237769081598,50.70237769081598,29,50.70237769081598,250,700
2024-07-28T12:36:11.142295Z,97,13,96,542,2024-07-28 12:36:11.136001,1,303.5601945495249,303.5601945495249,30,303.5601945495249,250,300
2024-07-28T12:36:11.571606Z,90,8,31,86,2024-07-28 12:36:11.136043,2,50.36995460089226,50.36995460089226,30,50.36995460089226,500,125
2024-07-28T12:36:11.991397Z,36,66,59,1300,2024-07-28 12:36:11.136053,3,539.881782914874,539.881782914874,30,539.881782914874,750,300
2024-07-28T12:36:12.417533Z,12,69,14,456,2024-07-28 12:36:11.136061,4,252.48805645962128,252.48805645962128,30,252.48805645962128,750,700
2024-07-28T12:36:12.845162Z,50,67,92,44,2024-07-28 12:36:11.136068,5,25.0746949169964,25.0746949169964,30,25.0746949169964,500,875
2024-07-28T12:36:13.264416Z,31,64,52,85,2024-07-28 12:36:11.136083,6,50.70237769081598,50.70237769081598,30,50.70237769081598,250,700
2024-07-28T12:36:51.391249Z,4,26,96,542,2024-07-28 12:36:51.386292,1,303.5601945495249,303.5601945495249,31,303.5601945495249,250,300
2024-07-28T12:36:51.811658Z,13,71,71,86,2024-07-28 12:36:51.386338,2,50.36995460089226,50.36995460089226,31,50.36995460089226,500,125
2024-07-28T12:36:52.239198Z,15,85,89,1300,2024-07-28 12:36:51.386354,3,539.881782914874,539.881782914874,31,539.881782914874,750,300
2024-07-28T12:36:52.669967Z,91,81,77,456,2024-07-28 12:36:51.386366,4,252.48805645962128,252.48805645962128,31,252.48805645962128,750,700
2024-07-28T12:36:53.099888Z,80,26,40,44,2024-07-28 12:36:51.386379,5,25.0746949169964,25.0746949169964,31,25.0746949169964,500,875
2024-07-28T12:36:53.522316Z,5,50,50,85,2024-07-28 12:36:51.386396,6,50.70237769081598,50.70237769081598,31,50.70237769081598,250,700
2024-07-28T12:37:31.631750Z,78,25,43,542,2024-07-28 12:37:31.626567,1,303.5601945495249,303.5601945495249,32,303.5601945495249,250,300
2024-07-28T12:37:32.057498Z,14,80,79,86,2024-07-28 12:37:31.626606,2,50.36995460089226,50.36995460089226,32,50.36995460089226,500,125
2024-07-28T12:37:32.492143Z,56,48,94,1300,2024-07-28 12:37:31.626618,3,539.881782914874,539.881782914874,32,539.881782914874,750,300
2024-07-28T12:37:32.911667Z,12,67,19,456,2024-07-28 12:37:31.626630,4,252.48805645962128,252.48805645962128,32,252.48805645962128,750,700
2024-07-28T12:37:33.331103Z,80,71,33,44,2024-07-28 12:37:31.626641,5,25.0746949169964,25.0746949169964,32,25.0746949169964,500,875
2024-07-28T12:37:33.758767Z,57,76,89,85,2024-07-28 12:37:31.626653,6,50.70237769081598,50.70237769081598,32,50.70237769081598,250,700
2024-07-28T12:38:11.688799Z,14,60,27,542,2024-07-28 12:38:11.684558,1,303.5601945495249,303.5601945495249,33,303.5601945495249,250,300
2024-07-28T12:38:12.113409Z,89,35,52,86,2024-07-28 12:38:11.684588,2,50.36995460089226,50.36995460089226,33,50.36995460089226,500,125
2024-07-28T12:38:12.543934Z,89,55,66,1300,2024-07-28 12:38:11.684596,3,539.881782914874,539.881782914874,33,539.881782914874,750,300
2024-07-28T12:38:12.981265Z,90,63,90,456,2024-07-28 12:38:11.684603,4,252.48805645962128,252.48805645962128,33,252.48805645962128,750,700
2024-07-28T12:38:13.410497Z,91,8,76,44,2024-07-28 12:38:11.684609,5,25.0746949169964,25.0746949169964,33,25.0746949169964,500,875
2024-07-28T12:38:13.841268Z,93,5,30,85,2024-07-28 12:38:11.684616,6,50.70237769081598,50.70237769081598,33,50.70237769081598,250,700
2024-07-28T12:38:52.111097Z,62,76,4,542,2024-07-28 12:38:52.104675,1,303.5601945495249,303.5601945495249,34,303.5601945495249,250,300
2024-07-28T12:38:52.548059Z,60,20,94,86,2024-07-28 12:38:52.104709,2,50.36995460089226,50.36995460089226,34,50.36995460089226,500,125
2024-07-28T12:38:52.984043Z,66,71,32,1206,2024-07-28 12:38:52.104716,3,489.50991516644126,489.50991516644126,34,489.50991516644126,750,300
2024-07-28T12:38:53.417385Z,87,84,38,537,2024-07-28 12:38:52.104725,4,303.0678421627792,303.0678421627792,34,303.0678421627792,750,700
2024-07-28T12:38:53.840266Z,43,88,83,44,2024-07-28 12:38:52.104897,5,25.0746949169964,25.0746949169964,34,25.0746949169964,500,875
2024-07-28T12:38:54.263588Z,71,4,47,85,2024-07-28 12:38:52.104910,6,50.70237769081598,50.70237769081598,34,50.70237769081598,250,700
2024-07-28T12:39:32.995480Z,83,98,12,542,2024-07-28 12:39:32.990497,1,303.5601945495249,303.5601945495249,35,303.5601945495249,250,300
2024-07-28T12:39:33.415016Z,53,37,22,86,2024-07-28 12:39:32.990545,2,50.36995460089226,50.36995460089226,35,50.36995460089226,500,125
2024-07-28T12:39:33.840654Z,44,8,61,1206,2024-07-28 12:39:32.990559,3,489.50991516644126,489.50991516644126,35,489.50991516644126,750,300
2024-07-28T12:39:34.281292Z,85,36,64,537,2024-07-28 12:39:32.990571,4,303.0678421627792,303.0678421627792,35,303.0678421627792,750,700
2024-07-28T12:39:34.705120Z,22,56,77,44,2024-07-28 12:39:32.990582,5,25.0746949169964,25.0746949169964,35,25.0746949169964,500,875
2024-07-28T12:39:35.129098Z,51,4,10,85,2024-07-28 12:39:32.990604,6,50.70237769081598,50.70237769081598,35,50.70237769081598,250,700
2024-07-28T12:40:13.441463Z,54,43,39,587,2024-07-28 12:40:13.436380,1,328.62661071812636,328.62661071812636,36,328.62661071812636,250,300
2024-07-28T12:40:13.863601Z,16,56,35,44,2024-07-28 12:40:13.436420,2,25.074814557517414,25.074814557517414,36,25.074814557517414,500,125
2024-07-28T12:40:14.291254Z,8,40,58,1206,2024-07-28 12:40:13.436432,3,489.50991516644126,489.50991516644126,36,489.50991516644126,750,300
2024-07-28T12:40:14.719764Z,20,45,93,537,2024-07-28 12:40:13.436444,4,303.0678421627792,303.0678421627792,36,303.0678421627792,750,700
2024-07-28T12:40:15.143886Z,82,12,72,44,2024-07-28 12:40:13.436455,5,25.0746949169964,25.0746949169964,36,25.0746949169964,500,875
2024-07-28T12:40:15.563792Z,75,69,42,85,2024-07-28 12:40:13.436465,6,50.70237769081598,50.70237769081598,36,50.70237769081598,250,700
2024-07-28T12:40:53.606554Z,17,20,63,587,2024-07-28 12:40:53.585643,1,328.62661071812636,328.62661071812636,37,328.62661071812636,250,300
2024-07-28T12:40:54.084741Z,69,20,100,44,2024-07-28 12:40:53.585674,2,25.074814557517414,25.074814557517414,37,25.074814557517414,500,125
2024-07-28T12:40:54.517644Z,39,97,91,1206,2024-07-28 12:40:53.585682,3,489.50991516644126,489.50991516644126,37,489.50991516644126,750,300
2024-07-28T12:40:54.944531Z,10,82,31,537,2024-07-28 12:40:53.585689,4,303.0678421627792,303.0678421627792,37,303.0678421627792,750,700
2024-07-28T12:40:55.378235Z,36,99,77,44,2024-07-28 12:40:53.585697,5,25.0746949169964,25.0746949169964,37,25.0746949169964,500,875
2024-07-28T12:40:55.797637Z,63,74,27,85,2024-07-28 12:40:53.585707,6,50.70237769081598,50.70237769081598,37,50.70237769081598,250,700
2024-07-28T12:41:33.859349Z,98,27,79,587,2024-07-28 12:41:33.854383,1,328.62661071812636,328.62661071812636,38,328.62661071812636,250,300
2024-07-28T12:41:34.282671Z,29,49,66,44,2024-07-28 12:41:33.854416,2,25.074814557517414,25.074814557517414,38,25.074814557517414,500,125
2024-07-28T12:41:34.704247Z,90,81,80,1206,2024-07-28 12:41:33.854424,3,489.50991516644126,489.50991516644126,38,489.50991516644126,750,300
2024-07-28T12:41:35.123612Z,73,32,76,537,2024-07-28 12:41:33.854431,4,303.0678421627792,303.0678421627792,38,303.0678421627792,750,700
2024-07-28T12:41:35.543623Z,83,80,54,44,2024-07-28 12:41:33.854438,5,25.0746949169964,25.0746949169964,38,25.0746949169964,500,875
2024-07-28T12:41:35.968035Z,67,83,61,85,2024-07-28 12:41:33.854444,6,50.70237769081598,50.70237769081598,38,50.70237769081598,250,700
2024-07-28T12:42:14.091219Z,85,23,57,587,2024-07-28 12:42:14.085743,1,328.62661071812636,328.62661071812636,39,328.62661071812636,250,300
2024-07-28T12:42:14.535361Z,58,34,78,44,2024-07-28 12:42:14.085784,2,25.074814557517414,25.074814557517414,39,25.074814557517414,500,125
2024-07-28T12:42:14.958920Z,61,86,6,1206,2024-07-28 12:42:14.085796,3,489.50991516644126,489.50991516644126,39,489.50991516644126,750,300
2024-07-28T12:42:15.387651Z,65,55,4,537,2024-07-28 12:42:14.085808,4,303.0678421627792,303.0678421627792,39,303.0678421627792,750,700
2024-07-28T12:42:15.808717Z,3,50,22,44,2024-07-28 12:42:14.085818,5,25.0746949169964,25.0746949169964,39,25.0746949169964,500,875
2024-07-28T12:42:16.229101Z,12,94,59,85,2024-07-28 12:42:14.085834,6,50.70237769081598,50.70237769081598,39,50.70237769081598,250,700
2024-07-28T12:42:54.238152Z,36,24,43,587,2024-07-28 12:42:54.232940,1,328.62661071812636,328.62661071812636,40,328.62661071812636,250,300
2024-07-28T12:42:54.663620Z,4,88,11,44,2024-07-28 12:42:54.232981,2,25.074814557517414,25.074814557517414,40,25.074814557517414,500,125
2024-07-28T12:42:55.086956Z,10,37,13,1206,2024-07-28 12:42:54.232994,3,489.50991516644126,489.50991516644126,40,489.50991516644126,750,300
2024-07-28T12:42:55.510182Z,39,96,86,537,2024-07-28 12:42:54.233006,4,303.0678421627792,303.0678421627792,40,303.0678421627792,750,700
2024-07-28T12:42:55.930955Z,5,2,44,44,2024-07-28 12:42:54.233017,5,25.0746949169964,25.0746949169964,40,25.0746949169964,500,875
2024-07-28T12:42:56.349761Z,30,28,18,85,2024-07-28 12:42:54.233029,6,50.70237769081598,50.70237769081598,40,50.70237769081598,250,700
2024-07-28T12:43:34.387827Z,10,96,48,587,2024-07-28 12:43:34.381595,1,328.62661071812636,328.62661071812636,41,328.62661071812636,250,300
2024-07-28T12:43:34.813960Z,28,51,11,44,2024-07-28 12:43:34.381653,2,25.074814557517414,25.074814557517414,41,25.074814557517414,500,125
2024-07-28T12:43:35.234241Z,36,75,59,1206,2024-07-28 12:43:34.381663,3,489.50991516644126,489.50991516644126,41,489.50991516644126,750,300
2024-07-28T12:43:35.652909Z,55,13,56,537,2024-07-28 12:43:34.381671,4,303.0678421627792,303.0678421627792,41,303.0678421627792,750,700
2024-07-28T12:43:36.071999Z,16,71,97,44,2024-07-28 12:43:34.381677,5,25.0746949169964,25.0746949169964,41,25.0746949169964,500,875
2024-07-28T12:43:36.491657Z,38,39,55,85,2024-07-28 12:43:34.381685,6,50.70237769081598,50.70237769081598,41,50.70237769081598,250,700
2024-07-28T12:44:14.470541Z,12,37,97,630,2024-07-28 12:44:14.465840,1,353.8428926525485,353.8428926525485,42,353.8428926525485,250,300
2024-07-28T12:44:14.895947Z,75,49,65,44,2024-07-28 12:44:14.465958,2,25.074814557517414,25.074814557517414,42,25.074814557517414,500,125
2024-07-28T12:44:15.326047Z,98,16,14,1159,2024-07-28 12:44:14.465969,3,464.0937373634211,464.0937373634211,42,464.0937373634211,750,300
2024-07-28T12:44:15.751775Z,34,36,65,537,2024-07-28 12:44:14.465976,4,303.0678421627792,303.0678421627792,42,303.0678421627792,750,700
2024-07-28T12:44:16.174215Z,32,58,78,44,2024-07-28 12:44:14.465982,5,25.0746949169964,25.0746949169964,42,25.0746949169964,500,875
2024-07-28T12:44:16.597191Z,75,38,88,85,2024-07-28 12:44:14.465989,6,50.70237769081598,50.70237769081598,42,50.70237769081598,250,700
2024-07-28T12:44:54.789926Z,60,90,21,630,2024-07-28 12:44:54.784797,1,353.8428926525485,353.8428926525485,43,353.8428926525485,250,300
2024-07-28T12:44:55.238627Z,39,24,9,44,2024-07-28 12:44:54.784844,2,25.074814557517414,25.074814557517414,43,25.074814557517414,500,125
2024-07-28T12:44:55.666438Z,93,35,59,1159,2024-07-28 12:44:54.784856,3,464.0937373634211,464.0937373634211,43,464.0937373634211,750,300
2024-07-28T12:44:56.100601Z,35,41,34,537,2024-07-28 12:44:54.784870,4,303.0678421627792,303.0678421627792,43,303.0678421627792,750,700
2024-07-28T12:44:56.519626Z,41,82,78,44,2024-07-28 12:44:54.784881,5,25.0746949169964,25.0746949169964,43,25.0746949169964,500,875
2024-07-28T12:44:56.939905Z,100,67,64,85,2024-07-28 12:44:54.784893,6,50.70237769081598,50.70237769081598,43,50.70237769081598,250,700
2024-07-28T12:45:34.932972Z,82,53,98,630,2024-07-28 12:45:34.927616,1,353.8428926525485,353.8428926525485,44,353.8428926525485,250,300
2024-07-28T12:45:35.363150Z,81,86,50,44,2024-07-28 12:45:34.927650,2,25.074814557517414,25.074814557517414,44,25.074814557517414,500,125
2024-07-28T12:45:35.789127Z,68,37,66,1159,2024-07-28 12:45:34.927658,3,464.0937373634211,464.0937373634211,44,464.0937373634211,750,300
2024-07-28T12:45:36.223793Z,50,61,60,583,2024-07-28 12:45:34.927665,4,328.4122261333367,328.4122261333367,44,328.4122261333367,750,700
2024-07-28T12:45:36.646249Z,3,8,32,0,2024-07-28 12:45:34.927672,5,0.0,0.0,44,0.0,500,875
2024-07-28T12:45:37.066325Z,70,73,69,85,2024-07-28 12:45:34.927684,6,50.70237769081598,50.70237769081598,44,50.70237769081598,250,700
2024-07-28T12:46:15.287089Z,45,7,54,630,2024-07-28 12:46:15.283077,1,353.8428926525485,353.8428926525485,45,353.8428926525485,250,300
2024-07-28T12:46:15.707163Z,69,44,88,44,2024-07-28 12:46:15.283109,2,25.074814557517414,25.074814557517414,45,25.074814557517414,500,125
2024-07-28T12:46:16.134954Z,2,25,55,1159,2024-07-28 12:46:15.283117,3,464.0937373634211,464.0937373634211,45,464.0937373634211,750,300
2024-07-28T12:46:16.560220Z,38,76,95,583,2024-07-28 12:46:15.283124,4,328.4122261333367,328.4122261333367,45,328.4122261333367,750,700
2024-07-28T12:46:16.988009Z,50,71,51,0,2024-07-28 12:46:15.283130,5,0.0,0.0,45,0.0,500,875
2024-07-28T12:46:17.412028Z,5,99,76,85,2024-07-28 12:46:15.283141,6,50.70237769081598,50.70237769081598,45,50.70237769081598,250,700
2024-07-28T12:46:55.646529Z,92,26,56,630,2024-07-28 12:46:55.642055,1,353.8428926525485,353.8428926525485,46,353.8428926525485,250,300
2024-07-28T12:46:56.067942Z,90,61,39,44,2024-07-28 12:46:55.642104,2,25.074814557517414,25.074814557517414,46,25.074814557517414,500,125
2024-07-28T12:46:56.494628Z,84,35,17,1159,2024-07-28 12:46:55.642111,3,464.0937373634211,464.0937373634211,46,464.0937373634211,750,300
2024-07-28T12:46:56.924834Z,22,51,24,583,2024-07-28 12:46:55.642119,4,328.4122261333367,328.4122261333367,46,328.4122261333367,750,700
2024-07-28T12:46:57.348844Z,23,99,22,0,2024-07-28 12:46:55.642125,5,0.0,0.0,46,0.0,500,875
2024-07-28T12:46:57.768331Z,14,26,83,85,2024-07-28 12:46:55.642136,6,50.70237769081598,50.70237769081598,46,50.70237769081598,250,700
2024-07-28T12:47:35.919675Z,8,20,100,587,2024-07-28 12:47:35.915490,1,328.58754537982736,328.58754537982736,47,328.58754537982736,250,300
2024-07-28T12:47:36.339578Z,19,92,13,44,2024-07-28 12:47:35.915522,2,25.074814557517414,25.074814557517414,47,25.074814557517414,500,125
2024-07-28T12:47:36.765287Z,82,47,85,1209,2024-07-28 12:47:35.915529,3,489.3349498901743,489.3349498901743,47,489.3349498901743,750,300
2024-07-28T12:47:37.187331Z,23,20,95,583,2024-07-28 12:47:35.915537,4,328.4122261333367,328.4122261333367,47,328.4122261333367,750,700
2024-07-28T12:47:37.615263Z,90,54,28,0,2024-07-28 12:47:35.915544,5,0.0,0.0,47,0.0,500,875
2024-07-28T12:47:38.039634Z,59,71,18,85,2024-07-28 12:47:35.915556,6,50.70237769081598,50.70237769081598,47,50.70237769081598,250,700
2024-07-28T12:48:16.111335Z,32,81,71,587,2024-07-28 12:48:16.107145,1,328.58754537982736,328.58754537982736,48,328.58754537982736,250,300
2024-07-28T12:48:16.531245Z,34,94,22,44,2024-07-28 12:48:16.107175,2,25.074814557517414,25.074814557517414,48,25.074814557517414,500,125
2024-07-28T12:48:16.952117Z,10,21,85,1209,2024-07-28 12:48:16.107184,3,489.3349498901743,489.3349498901743,48,489.3349498901743,750,300
2024-07-28T12:48:17.373877Z,58,83,50,583,2024-07-28 12:48:16.107190,4,328.4122261333367,328.4122261333367,48,328.4122261333367,750,700
2024-07-28T12:48:17.803620Z,91,35,80,0,2024-07-28 12:48:16.107197,5,0.0,0.0,48,0.0,500,875
2024-07-28T12:48:18.226799Z,37,23,69,85,2024-07-28 12:48:16.107206,6,50.70237769081598,50.70237769081598,48,50.70237769081598,250,700
2024-07-28T12:48:56.492573Z,5,14,47,587,2024-07-28 12:48:56.486513,1,328.58754537982736,328.58754537982736,49,328.58754537982736,250,300
2024-07-28T12:48:56.920436Z,4,25,16,44,2024-07-28 12:48:56.486556,2,25.074814557517414,25.074814557517414,49,25.074814557517414,500,125
2024-07-28T12:48:57.345075Z,63,5,74,1209,2024-07-28 12:48:56.486568,3,489.3349498901743,489.3349498901743,49,489.3349498901743,750,300
2024-07-28T12:48:57.783646Z,4,28,13,583,2024-07-28 12:48:56.486578,4,328.4122261333367,328.4122261333367,49,328.4122261333367,750,700
2024-07-28T12:48:58.202575Z,63,35,54,0,2024-07-28 12:48:56.486589,5,0.0,0.0,49,0.0,500,875
2024-07-28T12:48:58.625530Z,50,42,78,85,2024-07-28 12:48:56.486601,6,50.70237769081598,50.70237769081598,49,50.70237769081598,250,700
2024-07-28T12:49:36.942920Z,94,93,70,587,2024-07-28 12:49:36.937063,1,328.58754537982736,328.58754537982736,50,328.58754537982736,250,300
2024-07-28T12:49:37.367884Z,96,82,54,44,2024-07-28 12:49:36.937154,2,25.074814557517414,25.074814557517414,50,25.074814557517414,500,125
2024-07-28T12:49:37.798156Z,20,14,91,1209,2024-07-28 12:49:36.937165,3,489.3349498901743,489.3349498901743,50,489.3349498901743,750,300
2024-07-28T12:49:38.232176Z,86,53,61,583,2024-07-28 12:49:36.937172,4,328.4122261333367,328.4122261333367,50,328.4122261333367,750,700
2024-07-28T12:49:38.663424Z,17,76,88,0,2024-07-28 12:49:36.937178,5,0.0,0.0,50,0.0,500,875
2024-07-28T12:49:39.081928Z,85,71,51,85,2024-07-28 12:49:36.937185,6,50.70237769081598,50.70237769081598,50,50.70237769081598,250,700
2024-07-28T12:50:17.431284Z,49,99,54,587,2024-07-28 12:50:17.421686,1,328.58754537982736,328.58754537982736,51,328.58754537982736,250,300
2024-07-28T12:50:17.881219Z,79,1,97,44,2024-07-28 12:50:17.421731,2,25.074814557517414,25.074814557517414,51,25.074814557517414,500,125
2024-07-28T12:50:18.318036Z,52,1,49,1209,2024-07-28 12:50:17.421739,3,489.3349498901743,489.3349498901743,51,489.3349498901743,750,300
2024-07-28T12:50:18.758625Z,14,55,96,583,2024-07-28 12:50:17.421746,4,328.4122261333367,328.4122261333367,51,328.4122261333367,750,700
2024-07-28T12:50:19.182995Z,86,55,34,0,2024-07-28 12:50:17.421755,5,0.0,0.0,51,0.0,500,875
2024-07-28T12:50:19.602761Z,71,97,21,85,2024-07-28 12:50:17.421933,6,50.70237769081598,50.70237769081598,51,50.70237769081598,250,700
2024-07-28T12:50:57.852942Z,67,99,53,540,2024-07-28 12:50:57.847684,1,303.53326283931335,303.53326283931335,52,303.53326283931335,250,300
2024-07-28T12:50:58.273811Z,19,95,86,44,2024-07-28 12:50:57.847729,2,25.074814557517414,25.074814557517414,52,25.074814557517414,500,125
2024-07-28T12:50:58.703674Z,94,37,36,1259,2024-07-28 12:50:57.847742,3,514.541484356532,514.541484356532,52,514.541484356532,750,300
2024-07-28T12:50:59.123536Z,25,71,6,583,2024-07-28 12:50:57.847754,4,328.4122261333367,328.4122261333367,52,328.4122261333367,750,700
2024-07-28T12:50:59.542994Z,67,17,64,0,2024-07-28 12:50:57.847767,5,0.0,0.0,52,0.0,500,875
2024-07-28T12:50:59.962611Z,36,39,94,85,2024-07-28 12:50:57.847787,6,50.70237769081598,50.70237769081598,52,50.70237769081598,250,700
2024-07-28T12:51:38.112095Z,34,16,18,581,2024-07-28 12:51:38.107041,1,328.61363326630806,328.61363326630806,53,328.61363326630806,250,300
2024-07-28T12:51:38.531495Z,72,51,66,44,2024-07-28 12:51:38.107091,2,25.074814557517414,25.074814557517414,53,25.074814557517414,500,125
2024-07-28T12:51:38.950193Z,98,2,99,1215,2024-07-28 12:51:38.107106,3,489.0388619531966,489.0388619531966,53,489.0388619531966,750,300
2024-07-28T12:51:39.381467Z,51,58,98,583,2024-07-28 12:51:38.107118,4,328.4122261333367,328.4122261333367,53,328.4122261333367,750,700
2024-07-28T12:51:39.800781Z,17,95,17,0,2024-07-28 12:51:38.107131,5,0.0,0.0,53,0.0,500,875
2024-07-28T12:51:40.223579Z,60,28,83,85,2024-07-28 12:51:38.107148,6,50.70237769081598,50.70237769081598,53,50.70237769081598,250,700
2024-07-28T12:52:18.293767Z,61,17,72,353,2024-07-28 12:52:18.288068,1,201.76886111959314,201.76886111959314,54,201.76886111959314,250,300
2024-07-28T12:52:18.723339Z,38,6,60,141,2024-07-28 12:52:18.288119,2,75.91870668601864,75.91870668601864,54,75.91870668601864,500,125
2024-07-28T12:52:19.150212Z,98,86,3,1215,2024-07-28 12:52:18.288133,3,489.0388619531966,489.0388619531966,54,489.0388619531966,750,300
2024-07-28T12:52:19.572108Z,60,26,10,583,2024-07-28 12:52:18.288146,4,328.4122261333367,328.4122261333367,54,328.4122261333367,750,700
2024-07-28T12:52:19.994301Z,36,20,86,0,2024-07-28 12:52:18.288158,5,0.0,0.0,54,0.0,500,875
2024-07-28T12:52:20.414180Z,63,88,13,216,2024-07-28 12:52:18.288176,6,126.97811148594784,126.97811148594784,54,126.97811148594784,250,700
2024-07-28T12:52:58.695396Z,86,8,32,307,2024-07-28 12:52:58.691345,1,176.6839473317266,176.6839473317266,55,176.6839473317266,250,300
2024-07-28T12:52:59.115673Z,40,23,92,141,2024-07-28 12:52:58.691383,2,75.91870668601864,75.91870668601864,55,75.91870668601864,500,125
2024-07-28T12:52:59.576747Z,23,48,100,1215,2024-07-28 12:52:58.691395,3,489.0388619531966,489.0388619531966,55,489.0388619531966,750,300
2024-07-28T12:53:00.005355Z,86,46,70,583,2024-07-28 12:52:58.691408,4,328.4122261333367,328.4122261333367,55,328.4122261333367,750,700
2024-07-28T12:53:00.426977Z,94,28,8,0,2024-07-28 12:52:58.691418,5,0.0,0.0,55,0.0,500,875
2024-07-28T12:53:00.849021Z,33,88,32,265,2024-07-28 12:52:58.691432,6,152.21970869910734,152.21970869910734,55,152.21970869910734,250,700
2024-07-28T12:53:39.100523Z,94,16,68,307,2024-07-28 12:53:39.096533,1,176.6839473317266,176.6839473317266,56,176.6839473317266,250,300
2024-07-28T12:53:39.521534Z,31,91,79,141,2024-07-28 12:53:39.096566,2,75.91870668601864,75.91870668601864,56,75.91870668601864,500,125
2024-07-28T12:53:39.942188Z,35,100,26,1215,2024-07-28 12:53:39.096574,3,489.0388619531966,489.0388619531966,56,489.0388619531966,750,300
2024-07-28T12:53:40.368688Z,17,70,72,583,2024-07-28 12:53:39.096580,4,328.4122261333367,328.4122261333367,56,328.4122261333367,750,700
2024-07-28T12:53:40.794764Z,91,94,17,0,2024-07-28 12:53:39.096587,5,0.0,0.0,56,0.0,500,875
2024-07-28T12:53:41.218788Z,29,31,19,265,2024-07-28 12:53:39.096595,6,152.21970869910734,152.21970869910734,56,152.21970869910734,250,700
2024-07-28T12:54:19.282768Z,76,57,59,352,2024-07-28 12:54:19.275956,1,201.88652280621412,201.88652280621412,57,201.88652280621412,250,300
2024-07-28T12:54:19.717440Z,83,65,51,91,2024-07-28 12:54:19.275997,2,50.589086132689985,50.589086132689985,57,50.589086132689985,500,125
2024-07-28T12:54:20.148143Z,62,2,14,1300,2024-07-28 12:54:19.276006,3,515.5300232905439,515.5300232905439,57,515.5300232905439,750,300
2024-07-28T12:54:20.568779Z,83,84,96,1276,2024-07-28 12:54:19.276014,4,302.8561300726481,302.8561300726481,57,302.8561300726481,750,700
2024-07-28T12:54:20.990932Z,83,46,29,0,2024-07-28 12:54:19.276021,5,0.0,0.0,57,0.0,500,875
2024-07-28T12:54:21.458078Z,35,83,35,221,2024-07-28 12:54:19.276029,6,126.83186288574836,126.83186288574836,57,126.83186288574836,250,700
2024-07-28T12:54:59.511138Z,65,34,1,264,2024-07-28 12:54:59.506545,1,151.5962354084239,151.5962354084239,58,151.5962354084239,250,300
2024-07-28T12:54:59.932927Z,33,48,92,453,2024-07-28 12:54:59.506576,2,252.05875771436936,252.05875771436936,58,252.05875771436936,500,125
2024-07-28T12:55:00.355483Z,54,42,34,555,2024-07-28 12:54:59.506585,3,303.6056972430369,303.6056972430369,58,303.6056972430369,750,300
2024-07-28T12:55:00.784813Z,2,25,73,1915,2024-07-28 12:54:59.506592,4,403.92752819995684,403.92752819995684,58,403.92752819995684,750,700
2024-07-28T12:55:01.212521Z,16,79,17,0,2024-07-28 12:54:59.506598,5,0.0,0.0,58,0.0,500,875
2024-07-28T12:55:01.634064Z,36,64,19,1300,2024-07-28 12:54:59.506604,6,136.30291304353642,136.30291304353642,58,136.30291304353642,250,700
2024-07-28T12:55:39.996271Z,86,38,5,220,2024-07-28 12:55:39.989520,1,126.44944761272038,126.44944761272038,59,126.44944761272038,250,300
2024-07-28T12:55:40.431916Z,100,96,21,590,2024-07-28 12:55:39.989729,2,328.19122654760906,328.19122654760906,59,328.19122654760906,500,125
2024-07-28T12:55:40.863908Z,13,50,67,371,2024-07-28 12:55:39.989744,3,202.35411172917338,202.35411172917338,59,202.35411172917338,750,300
2024-07-28T12:55:41.295649Z,34,2,51,2120,2024-07-28 12:55:39.989752,4,458.6564290671002,458.6564290671002,59,458.6564290671002,750,700
2024-07-28T12:55:41.741642Z,35,91,99,0,2024-07-28 12:55:39.989760,5,0.0,0.0,59,0.0,500,875
2024-07-28T12:55:42.164045Z,3,10,69,172,2024-07-28 12:55:39.989782,6,101.59026567258886,101.59026567258886,59,101.59026567258886,250,700
2024-07-28T12:56:20.693542Z,39,27,98,220,2024-07-28 12:56:20.687406,1,126.44944761272038,126.44944761272038,60,126.44944761272038,250,300
2024-07-28T12:56:21.124817Z,71,7,71,590,2024-07-28 12:56:20.687454,2,328.19122654760906,328.19122654760906,60,328.19122654760906,500,125
2024-07-28T12:56:21.574151Z,39,30,13,371,2024-07-28 12:56:20.687469,3,202.35411172917338,202.35411172917338,60,202.35411172917338,750,300
2024-07-28T12:56:22.005450Z,10,30,16,2120,2024-07-28 12:56:20.687481,4,458.6564290671002,458.6564290671002,60,458.6564290671002,750,700
2024-07-28T12:56:22.431999Z,68,65,24,0,2024-07-28 12:56:20.687493,5,0.0,0.0,60,0.0,500,875
2024-07-28T12:56:22.852499Z,42,8,93,172,2024-07-28 12:56:20.687515,6,101.59026567258886,101.59026567258886,60,101.59026567258886,250,700
2024-07-28T12:57:01.288846Z,73,17,2,220,2024-07-28 12:57:01.283385,1,126.44944761272038,126.44944761272038,61,126.44944761272038,250,300
2024-07-28T12:57:01.715929Z,40,35,31,638,2024-07-28 12:57:01.283431,2,353.5011874718647,353.5011874718647,61,353.5011874718647,500,125
2024-07-28T12:57:02.159281Z,58,63,68,325,2024-07-28 12:57:01.283444,3,176.83495799388442,176.83495799388442,61,176.83495799388442,750,300
2024-07-28T12:57:02.584895Z,56,51,28,2120,2024-07-28 12:57:01.283458,4,458.6564290671002,458.6564290671002,61,458.6564290671002,750,700
2024-07-28T12:57:03.004745Z,84,6,94,0,2024-07-28 12:57:01.283469,5,0.0,0.0,61,0.0,500,875
2024-07-28T12:57:03.450141Z,94,93,58,172,2024-07-28 12:57:01.283486,6,101.59026567258886,101.59026567258886,61,101.59026567258886,250,700
2024-07-28T12:57:41.542932Z,24,8,40,220,2024-07-28 12:57:41.535741,1,126.44944761272038,126.44944761272038,62,126.44944761272038,250,300
2024-07-28T12:57:41.977209Z,96,88,67,594,2024-07-28 12:57:41.535789,2,328.4263729143473,328.4263729143473,62,328.4263729143473,500,125
2024-07-28T12:57:42.398550Z,72,58,71,325,2024-07-28 12:57:41.535805,3,176.83495799388442,176.83495799388442,62,176.83495799388442,750,300
2024-07-28T12:57:42.830395Z,87,41,74,2120,2024-07-28 12:57:41.535817,4,458.6564290671002,458.6564290671002,62,458.6564290671002,750,700
2024-07-28T12:57:43.253757Z,24,5,74,0,2024-07-28 12:57:41.535828,5,0.0,0.0,62,0.0,500,875
2024-07-28T12:57:43.678757Z,5,73,48,172,2024-07-28 12:57:41.535844,6,101.59026567258886,101.59026567258886,62,101.59026567258886,250,700
2024-07-28T12:58:21.852073Z,62,57,7,220,2024-07-28 12:58:21.847439,1,126.44944761272038,126.44944761272038,63,126.44944761272038,250,300
2024-07-28T12:58:22.280398Z,38,20,30,498,2024-07-28 12:58:21.847468,2,278.11952752930677,278.11952752930677,63,278.11952752930677,500,125
2024-07-28T12:58:22.739160Z,37,17,86,325,2024-07-28 12:58:21.847476,3,176.83495799388442,176.83495799388442,63,176.83495799388442,750,300
2024-07-28T12:58:23.165141Z,100,10,82,2120,2024-07-28 12:58:21.847483,4,458.6564290671002,458.6564290671002,63,458.6564290671002,750,700
2024-07-28T12:58:23.612798Z,25,42,55,0,2024-07-28 12:58:21.847490,5,0.0,0.0,63,0.0,500,875
2024-07-28T12:58:24.042045Z,80,10,64,1300,2024-07-28 12:58:21.847500,6,117.15351811977695,117.15351811977695,63,117.15351811977695,250,700
2024-07-28T12:59:02.704471Z,100,54,27,220,2024-07-28 12:59:02.699379,1,126.44944761272038,126.44944761272038,64,126.44944761272038,250,300
2024-07-28T12:59:03.127195Z,71,88,60,498,2024-07-28 12:59:02.699422,2,278.11952752930677,278.11952752930677,64,278.11952752930677,500,125
2024-07-28T12:59:03.561902Z,62,39,36,325,2024-07-28 12:59:02.699435,3,176.83495799388442,176.83495799388442,64,176.83495799388442,750,300
2024-07-28T12:59:03.996383Z,47,87,56,2120,2024-07-28 12:59:02.699447,4,458.6564290671002,458.6564290671002,64,458.6564290671002,750,700
2024-07-28T12:59:04.418124Z,79,14,7,0,2024-07-28 12:59:02.699459,5,0.0,0.0,64,0.0,500,875
2024-07-28T12:59:04.840803Z,65,54,64,1300,2024-07-28 12:59:02.699470,6,117.15351811977695,117.15351811977695,64,117.15351811977695,250,700
2024-07-28T12:59:43.263147Z,99,75,67,266,2024-07-28 12:59:43.258373,1,151.89780399474225,151.89780399474225,65,151.89780399474225,250,300
2024-07-28T12:59:43.685765Z,86,53,44,401,2024-07-28 12:59:43.258405,2,227.75620098419373,227.75620098419373,65,227.75620098419373,500,125
2024-07-28T12:59:44.116416Z,27,65,45,362,2024-07-28 12:59:43.258412,3,202.30830854433088,202.30830854433088,65,202.30830854433088,750,300
2024-07-28T12:59:44.546259Z,75,92,23,2120,2024-07-28 12:59:43.258419,4,458.0291766142078,458.0291766142078,65,458.0291766142078,750,700
2024-07-28T12:59:44.965314Z,26,76,72,0,2024-07-28 12:59:43.258425,5,0.0,0.0,65,0.0,500,875
2024-07-28T12:59:45.386209Z,18,100,13,1300,2024-07-28 12:59:43.258432,6,117.15351811977695,117.15351811977695,65,117.15351811977695,250,700
2024-07-28T13:00:23.673053Z,65,56,37,178,2024-07-28 13:00:23.668816,1,101.12622630617071,101.12622630617071,66,101.12622630617071,250,300
2024-07-28T13:00:24.093760Z,7,76,80,401,2024-07-28 13:00:23.668853,2,227.75620098419373,227.75620098419373,66,227.75620098419373,500,125
2024-07-28T13:00:24.548689Z,33,47,85,362,2024-07-28 13:00:23.668862,3,202.30830854433088,202.30830854433088,66,202.30830854433088,750,300
2024-07-28T13:00:24.969437Z,78,25,24,795,2024-07-28 13:00:23.668869,4,382.7530870936953,382.7530870936953,66,382.7530870936953,750,700
2024-07-28T13:00:25.388040Z,62,16,3,0,2024-07-28 13:00:23.668875,5,0.0,0.0,66,0.0,500,875
2024-07-28T13:00:25.808979Z,10,1,22,1300,2024-07-28 13:00:23.668881,6,117.15351811977695,117.15351811977695,66,117.15351811977695,250,700
2024-07-28T13:01:03.731538Z,24,79,19,178,2024-07-28 13:01:03.725262,1,101.12622630617071,101.12622630617071,67,101.12622630617071,250,300
2024-07-28T13:01:04.159883Z,72,90,20,443,2024-07-28 13:01:03.725310,2,253.12705404569155,253.12705404569155,67,253.12705404569155,500,125
2024-07-28T13:01:04.584652Z,79,33,36,318,2024-07-28 13:01:03.725325,3,176.75150830080943,176.75150830080943,67,176.75150830080943,750,300
2024-07-28T13:01:05.010516Z,87,10,80,749,2024-07-28 13:01:03.725338,4,357.6859942171079,357.6859942171079,67,357.6859942171079,750,700
2024-07-28T13:01:05.430723Z,17,60,33,42,2024-07-28 13:01:03.725350,5,25.068453807508476,25.068453807508476,67,25.068453807508476,500,875
2024-07-28T13:01:05.850167Z,95,57,25,1300,2024-07-28 13:01:03.725363,6,117.15351811977695,117.15351811977695,67,117.15351811977695,250,700
2024-07-28T13:01:43.869336Z,30,38,16,178,2024-07-28 13:01:43.864905,1,101.12622630617071,101.12622630617071,68,101.12622630617071,250,300
2024-07-28T13:01:44.288939Z,5,17,33,443,2024-07-28 13:01:43.864957,2,253.12705404569155,253.12705404569155,68,253.12705404569155,500,125
2024-07-28T13:01:44.711123Z,51,21,67,318,2024-07-28 13:01:43.864969,3,176.75150830080943,176.75150830080943,68,176.75150830080943,750,300
2024-07-28T13:01:45.157208Z,96,42,19,709,2024-07-28 13:01:43.864979,4,332.39699653751666,332.39699653751666,68,332.39699653751666,750,700
2024-07-28T13:01:45.593985Z,53,35,84,85,2024-07-28 13:01:43.864990,5,50.62994744641429,50.62994744641429,68,50.62994744641429,500,875
2024-07-28T13:01:46.028980Z,10,39,10,1300,2024-07-28 13:01:43.865007,6,117.15351811977695,117.15351811977695,68,117.15351811977695,250,700
2024-07-28T13:02:24.216624Z,7,92,16,178,2024-07-28 13:02:24.212520,1,101.12622630617071,101.12622630617071,69,101.12622630617071,250,300
2024-07-28T13:02:24.635251Z,43,59,43,443,2024-07-28 13:02:24.212550,2,253.12705404569155,253.12705404569155,69,253.12705404569155,500,125
2024-07-28T13:02:25.057190Z,97,74,16,318,2024-07-28 13:02:24.212559,3,176.75150830080943,176.75150830080943,69,176.75150830080943,750,300
2024-07-28T13:02:25.475904Z,29,15,70,709,2024-07-28 13:02:24.212565,4,332.39699653751666,332.39699653751666,69,332.39699653751666,750,700
2024-07-28T13:02:25.902580Z,85,6,40,85,2024-07-28 13:02:24.212571,5,50.62994744641429,50.62994744641429,69,50.62994744641429,500,875
2024-07-28T13:02:26.336321Z,9,73,42,1300,2024-07-28 13:02:24.212580,6,117.15351811977695,117.15351811977695,69,117.15351811977695,250,700
2024-07-28T13:03:04.248697Z,74,91,74,178,2024-07-28 13:03:04.242740,1,101.12622630617071,101.12622630617071,70,101.12622630617071,250,300
2024-07-28T13:03:04.684599Z,62,53,84,398,2024-07-28 13:03:04.242782,2,228.04749771512627,228.04749771512627,70,228.04749771512627,500,125
2024-07-28T13:03:05.105658Z,81,72,74,318,2024-07-28 13:03:04.242795,3,176.75150830080943,176.75150830080943,70,176.75150830080943,750,300
2024-07-28T13:03:05.537247Z,19,47,7,709,2024-07-28 13:03:04.242844,4,332.39699653751666,332.39699653751666,70,332.39699653751666,750,700
2024-07-28T13:03:05.971471Z,52,58,35,43,2024-07-28 13:03:04.242857,5,25.561493638905816,25.561493638905816,70,25.561493638905816,500,875
2024-07-28T13:03:06.399799Z,14,67,51,1300,2024-07-28 13:03:04.242873,6,117.15351811977695,117.15351811977695,70,117.15351811977695,250,700
2024-07-28T13:03:44.512181Z,86,14,55,178,2024-07-28 13:03:44.507414,1,101.12622630617071,101.12622630617071,71,101.12622630617071,250,300
2024-07-28T13:03:44.937640Z,94,24,47,398,2024-07-28 13:03:44.507445,2,228.04749771512627,228.04749771512627,71,228.04749771512627,500,125
2024-07-28T13:03:45.361107Z,93,69,74,318,2024-07-28 13:03:44.507452,3,176.75150830080943,176.75150830080943,71,176.75150830080943,750,300
2024-07-28T13:03:45.782424Z,76,19,36,709,2024-07-28 13:03:44.507460,4,332.39699653751666,332.39699653751666,71,332.39699653751666,750,700
2024-07-28T13:03:46.210118Z,97,61,38,43,2024-07-28 13:03:44.507467,5,25.561493638905816,25.561493638905816,71,25.561493638905816,500,875
2024-07-28T13:03:46.631268Z,27,74,53,1300,2024-07-28 13:03:44.507476,6,117.15351811977695,117.15351811977695,71,117.15351811977695,250,700
2024-07-28T13:04:24.707896Z,76,66,73,178,2024-07-28 13:04:24.703491,1,101.12622630617071,101.12622630617071,72,101.12622630617071,250,300
2024-07-28T13:04:25.137072Z,39,44,51,398,2024-07-28 13:04:24.703525,2,228.04749771512627,228.04749771512627,72,228.04749771512627,500,125
2024-07-28T13:04:25.561567Z,75,78,82,318,2024-07-28 13:04:24.703533,3,176.75150830080943,176.75150830080943,72,176.75150830080943,750,300
2024-07-28T13:04:25.984111Z,86,36,97,709,2024-07-28 13:04:24.703540,4,332.39699653751666,332.39699653751666,72,332.39699653751666,750,700
2024-07-28T13:04:26.424941Z,11,91,22,43,2024-07-28 13:04:24.703547,5,25.561493638905816,25.561493638905816,72,25.561493638905816,500,875
2024-07-28T13:04:26.845694Z,90,57,53,1300,2024-07-28 13:04:24.703555,6,117.15351811977695,117.15351811977695,72,117.15351811977695,250,700
2024-07-28T13:05:05.036035Z,49,92,36,178,2024-07-28 13:05:05.031495,1,101.12622630617071,101.12622630617071,73,101.12622630617071,250,300
2024-07-28T13:05:05.458796Z,89,25,81,398,2024-07-28 13:05:05.031526,2,228.04749771512627,228.04749771512627,73,228.04749771512627,500,125
2024-07-28T13:05:05.884447Z,55,13,23,318,2024-07-28 13:05:05.031534,3,176.75150830080943,176.75150830080943,73,176.75150830080943,750,300
2024-07-28T13:05:06.307708Z,86,74,42,709,2024-07-28 13:05:05.031541,4,332.39699653751666,332.39699653751666,73,332.39699653751666,750,700
2024-07-28T13:05:06.734077Z,75,83,15,43,2024-07-28 13:05:05.031548,5,25.561493638905816,25.561493638905816,73,25.561493638905816,500,875
2024-07-28T13:05:07.159201Z,94,52,67,1300,2024-07-28 13:05:05.031554,6,117.15351811977695,117.15351811977695,73,117.15351811977695,250,700
2024-07-28T13:05:45.564259Z,50,11,83,178,2024-07-28 13:05:45.559408,1,101.12622630617071,101.12622630617071,74,101.12622630617071,250,300
2024-07-28T13:05:45.996958Z,68,32,28,398,2024-07-28 13:05:45.559445,2,228.04749771512627,228.04749771512627,74,228.04749771512627,500,125
2024-07-28T13:05:46.426214Z,13,45,89,318,2024-07-28 13:05:45.559454,3,176.75150830080943,176.75150830080943,74,176.75150830080943,750,300
2024-07-28T13:05:46.853292Z,5,54,3,668,2024-07-28 13:05:45.559462,4,307.10620851395,307.10620851395,74,307.10620851395,750,700
2024-07-28T13:05:47.290153Z,52,30,45,138,2024-07-28 13:05:45.559469,5,75.77489159545036,75.77489159545036,74,75.77489159545036,500,875
2024-07-28T13:05:47.711886Z,8,34,87,1300,2024-07-28 13:05:45.559475,6,117.15351811977695,117.15351811977695,74,117.15351811977695,250,700
2024-07-28T13:06:25.937325Z,41,85,36,178,2024-07-28 13:06:25.930736,1,101.12622630617071,101.12622630617071,75,101.12622630617071,250,300
2024-07-28T13:06:26.366174Z,70,15,20,398,2024-07-28 13:06:25.930769,2,228.04749771512627,228.04749771512627,75,228.04749771512627,500,125
2024-07-28T13:06:26.790465Z,82,20,21,318,2024-07-28 13:06:25.930777,3,176.75150830080943,176.75150830080943,75,176.75150830080943,750,300
2024-07-28T13:06:27.222514Z,37,18,76,668,2024-07-28 13:06:25.930784,4,307.10620851395,307.10620851395,75,307.10620851395,750,700
2024-07-28T13:06:27.643868Z,91,5,43,138,2024-07-28 13:06:25.930790,5,75.77489159545036,75.77489159545036,75,75.77489159545036,500,875
2024-07-28T13:06:28.091536Z,22,26,86,1300,2024-07-28 13:06:25.930797,6,117.15351811977695,117.15351811977695,75,117.15351811977695,250,700
2024-07-28T13:07:06.246983Z,17,27,52,178,2024-07-28 13:07:06.242260,1,101.12622630617071,101.12622630617071,76,101.12622630617071,250,300
2024-07-28T13:07:06.668621Z,31,1,17,350,2024-07-28 13:07:06.242293,2,202.68768145412602,202.68768145412602,76,202.68768145412602,500,125
2024-07-28T13:07:07.096293Z,54,17,78,357,2024-07-28 13:07:06.242301,3,201.96173147338354,201.96173147338354,76,201.96173147338354,750,300
2024-07-28T13:07:07.527540Z,95,66,88,620,2024-07-28 13:07:06.242307,4,281.80700089961243,281.80700089961243,76,281.80700089961243,750,700
2024-07-28T13:07:07.947049Z,28,72,13,187,2024-07-28 13:07:06.242314,5,101.12944055559095,101.12944055559095,76,101.12944055559095,500,875
2024-07-28T13:07:08.367117Z,97,40,67,1300,2024-07-28 13:07:06.242326,6,117.15351811977695,117.15351811977695,76,117.15351811977695,250,700
2024-07-28T13:07:46.362290Z,24,78,98,178,2024-07-28 13:07:46.358095,1,101.12622630617071,101.12622630617071,77,101.12622630617071,250,300
2024-07-28T13:07:46.782559Z,87,74,54,350,2024-07-28 13:07:46.358129,2,202.68768145412602,202.68768145412602,77,202.68768145412602,500,125
2024-07-28T13:07:47.207222Z,38,25,100,357,2024-07-28 13:07:46.358138,3,201.96173147338354,201.96173147338354,77,201.96173147338354,750,300
2024-07-28T13:07:47.635348Z,93,94,5,666,2024-07-28 13:07:46.358147,4,307.3136489538281,307.3136489538281,77,307.3136489538281,750,700
2024-07-28T13:07:48.057754Z,31,49,98,137,2024-07-28 13:07:46.358154,5,75.96852498024326,75.96852498024326,77,75.96852498024326,500,875
2024-07-28T13:07:48.484671Z,82,9,58,1300,2024-07-28 13:07:46.358162,6,117.15351811977695,117.15351811977695,77,117.15351811977695,250,700
2024-07-28T13:08:26.561939Z,26,82,40,178,2024-07-28 13:08:26.555620,1,101.12622630617071,101.12622630617071,78,101.12622630617071,250,300
2024-07-28T13:08:26.999426Z,49,96,38,350,2024-07-28 13:08:26.555666,2,202.68768145412602,202.68768145412602,78,202.68768145412602,500,125
2024-07-28T13:08:27.439893Z,70,7,24,357,2024-07-28 13:08:26.555681,3,201.96173147338354,201.96173147338354,78,201.96173147338354,750,300
2024-07-28T13:08:27.873681Z,93,17,31,666,2024-07-28 13:08:26.555692,4,307.3136489538281,307.3136489538281,78,307.3136489538281,750,700
2024-07-28T13:08:28.300298Z,83,69,1,137,2024-07-28 13:08:26.555703,5,75.96852498024326,75.96852498024326,78,75.96852498024326,500,875
2024-07-28T13:08:28.728080Z,57,89,98,1300,2024-07-28 13:08:26.555719,6,117.15351811977695,117.15351811977695,78,117.15351811977695,250,700
2024-07-28T13:09:06.913482Z,46,74,58,178,2024-07-28 13:09:06.907071,1,101.12622630617071,101.12622630617071,79,101.12622630617071,250,300
2024-07-28T13:09:07.343740Z,62,1,23,350,2024-07-28 13:09:06.907122,2,202.68768145412602,202.68768145412602,79,202.68768145412602,500,125
2024-07-28T13:09:07.775331Z,76,45,89,357,2024-07-28 13:09:06.907136,3,201.96173147338354,201.96173147338354,79,201.96173147338354,750,300
2024-07-28T13:09:08.203158Z,99,79,3,666,2024-07-28 13:09:06.907147,4,307.3136489538281,307.3136489538281,79,307.3136489538281,750,700
2024-07-28T13:09:08.639373Z,67,99,98,137,2024-07-28 13:09:06.907159,5,75.96852498024326,75.96852498024326,79,75.96852498024326,500,875
2024-07-28T13:09:09.080848Z,45,54,49,1300,2024-07-28 13:09:06.907175,6,117.15351811977695,117.15351811977695,79,117.15351811977695,250,700
2024-07-28T13:09:47.123790Z,21,88,64,178,2024-07-28 13:09:47.119696,1,101.12622630617071,101.12622630617071,80,101.12622630617071,250,300
2024-07-28T13:09:47.542692Z,48,9,68,350,2024-07-28 13:09:47.119729,2,202.68768145412602,202.68768145412602,80,202.68768145412602,500,125
2024-07-28T13:09:47.982708Z,24,43,90,357,2024-07-28 13:09:47.119737,3,201.96173147338354,201.96173147338354,80,201.96173147338354,750,300
2024-07-28T13:09:48.403211Z,95,12,41,666,2024-07-28 13:09:47.119743,4,307.3136489538281,307.3136489538281,80,307.3136489538281,750,700
2024-07-28T13:09:48.852743Z,81,98,12,137,2024-07-28 13:09:47.119750,5,75.96852498024326,75.96852498024326,80,75.96852498024326,500,875
2024-07-28T13:09:49.274141Z,26,44,43,1300,2024-07-28 13:09:47.119759,6,117.15351811977695,117.15351811977695,80,117.15351811977695,250,700
2024-07-28T13:10:27.699829Z,79,94,6,178,2024-07-28 13:10:27.678553,1,101.12622630617071,101.12622630617071,81,101.12622630617071,250,300
2024-07-28T13:10:28.135507Z,29,46,63,350,2024-07-28 13:10:27.678600,2,202.68768145412602,202.68768145412602,81,202.68768145412602,500,125
2024-07-28T13:10:28.565974Z,53,49,22,357,2024-07-28 13:10:27.678615,3,201.96173147338354,201.96173147338354,81,201.96173147338354,750,300
2024-07-28T13:10:28.998220Z,44,8,29,666,2024-07-28 13:10:27.678627,4,307.3136489538281,307.3136489538281,81,307.3136489538281,750,700
2024-07-28T13:10:29.423637Z,73,77,69,137,2024-07-28 13:10:27.678639,5,75.96852498024326,75.96852498024326,81,75.96852498024326,500,875
2024-07-28T13:10:29.843350Z,9,46,92,1300,2024-07-28 13:10:27.678652,6,117.15351811977695,117.15351811977695,81,117.15351811977695,250,700
2024-07-28T13:11:08.355254Z,27,29,53,178,2024-07-28 13:11:08.350572,1,101.12622630617071,101.12622630617071,82,101.12622630617071,250,300
2024-07-28T13:11:08.782744Z,67,52,79,350,2024-07-28 13:11:08.350615,2,202.68768145412602,202.68768145412602,82,202.68768145412602,500,125
2024-07-28T13:11:09.217015Z,30,22,63,357,2024-07-28 13:11:08.350627,3,201.96173147338354,201.96173147338354,82,201.96173147338354,750,300
2024-07-28T13:11:09.641530Z,82,79,13,703,2024-07-28 13:11:08.350637,4,332.46622670077693,332.46622670077693,82,332.46622670077693,750,700
2024-07-28T13:11:10.072104Z,98,88,25,88,2024-07-28 13:11:08.350646,5,50.613976020102676,50.613976020102676,82,50.613976020102676,500,875
2024-07-28T13:11:10.493311Z,69,94,28,1300,2024-07-28 13:11:08.350665,6,117.15351811977695,117.15351811977695,82,117.15351811977695,250,700
2024-07-28T13:11:48.717687Z,86,97,52,178,2024-07-28 13:11:48.711679,1,101.12622630617071,101.12622630617071,83,101.12622630617071,250,300
2024-07-28T13:11:49.140980Z,3,64,44,350,2024-07-28 13:11:48.711722,2,202.68768145412602,202.68768145412602,83,202.68768145412602,500,125
2024-07-28T13:11:49.585697Z,74,50,63,357,2024-07-28 13:11:48.711734,3,201.96173147338354,201.96173147338354,83,201.96173147338354,750,300
2024-07-28T13:11:50.013961Z,73,80,71,703,2024-07-28 13:11:48.711745,4,332.46622670077693,332.46622670077693,83,332.46622670077693,750,700
2024-07-28T13:11:50.438263Z,54,30,97,88,2024-07-28 13:11:48.711757,5,50.613976020102676,50.613976020102676,83,50.613976020102676,500,875
2024-07-28T13:11:50.864379Z,10,76,11,1300,2024-07-28 13:11:48.711767,6,117.15351811977695,117.15351811977695,83,117.15351811977695,250,700
2024-07-28T13:12:28.934574Z,52,77,28,178,2024-07-28 13:12:28.930251,1,101.12622630617071,101.12622630617071,84,101.12622630617071,250,300
2024-07-28T13:12:29.355058Z,14,43,36,350,2024-07-28 13:12:28.930283,2,202.68768145412602,202.68768145412602,84,202.68768145412602,500,125
2024-07-28T13:12:29.780878Z,81,2,47,357,2024-07-28 13:12:28.930291,3,201.96173147338354,201.96173147338354,84,201.96173147338354,750,300
2024-07-28T13:12:30.204058Z,62,44,17,703,2024-07-28 13:12:28.930298,4,332.46622670077693,332.46622670077693,84,332.46622670077693,750,700
2024-07-28T13:12:30.641764Z,83,24,33,88,2024-07-28 13:12:28.930305,5,50.613976020102676,50.613976020102676,84,50.613976020102676,500,875
2024-07-28T13:12:31.063190Z,45,75,52,1300,2024-07-28 13:12:28.930336,6,117.15351811977695,117.15351811977695,84,117.15351811977695,250,700
2024-07-28T13:13:09.109062Z,38,38,6,178,2024-07-28 13:13:09.104300,1,101.12622630617071,101.12622630617071,85,101.12622630617071,250,300
2024-07-28T13:13:09.533603Z,64,41,78,350,2024-07-28 13:13:09.104329,2,202.68768145412602,202.68768145412602,85,202.68768145412602,500,125
2024-07-28T13:13:09.967621Z,43,1,32,357,2024-07-28 13:13:09.104355,3,201.96173147338354,201.96173147338354,85,201.96173147338354,750,300
2024-07-28T13:13:10.399253Z,92,9,50,703,2024-07-28 13:13:09.104363,4,332.46622670077693,332.46622670077693,85,332.46622670077693,750,700
2024-07-28T13:13:10.821773Z,28,99,16,88,2024-07-28 13:13:09.104370,5,50.613976020102676,50.613976020102676,85,50.613976020102676,500,875
2024-07-28T13:13:11.242266Z,50,6,86,1300,2024-07-28 13:13:09.104377,6,117.15351811977695,117.15351811977695,85,117.15351811977695,250,700
2024-07-28T13:13:49.200638Z,61,70,2,178,2024-07-28 13:13:49.196617,1,101.12622630617071,101.12622630617071,86,101.12622630617071,250,300
2024-07-28T13:13:49.621917Z,86,61,37,307,2024-07-28 13:13:49.196648,2,177.1537668328295,177.1537668328295,86,177.1537668328295,500,125
2024-07-28T13:13:50.049971Z,66,64,71,357,2024-07-28 13:13:49.196656,3,201.96173147338354,201.96173147338354,86,201.96173147338354,750,300
2024-07-28T13:13:50.475676Z,24,59,16,703,2024-07-28 13:13:49.196662,4,332.46622670077693,332.46622670077693,86,332.46622670077693,750,700
2024-07-28T13:13:50.899679Z,18,52,66,88,2024-07-28 13:13:49.196669,5,50.613976020102676,50.613976020102676,86,50.613976020102676,500,875
2024-07-28T13:13:51.322332Z,16,85,55,1300,2024-07-28 13:13:49.196680,6,117.15351811977695,117.15351811977695,86,117.15351811977695,250,700
2024-07-28T13:14:29.217068Z,22,49,18,178,2024-07-28 13:14:29.213139,1,101.12622630617071,101.12622630617071,87,101.12622630617071,250,300
2024-07-28T13:14:29.636637Z,51,7,99,307,2024-07-28 13:14:29.213170,2,177.1537668328295,177.1537668328295,87,177.1537668328295,500,125
2024-07-28T13:14:30.064279Z,22,93,9,357,2024-07-28 13:14:29.213178,3,201.96173147338354,201.96173147338354,87,201.96173147338354,750,300
2024-07-28T13:14:30.494640Z,65,51,12,703,2024-07-28 13:14:29.213185,4,332.46622670077693,332.46622670077693,87,332.46622670077693,750,700
2024-07-28T13:14:30.921997Z,74,67,2,88,2024-07-28 13:14:29.213192,5,50.613976020102676,50.613976020102676,87,50.613976020102676,500,875
2024-07-28T13:14:31.344989Z,35,99,68,1300,2024-07-28 13:14:29.213200,6,117.15351811977695,117.15351811977695,87,117.15351811977695,250,700
2024-07-28T13:15:09.375513Z,22,83,95,178,2024-07-28 13:15:09.371649,1,101.12622630617071,101.12622630617071,88,101.12622630617071,250,300
2024-07-28T13:15:09.794634Z,65,56,23,307,2024-07-28 13:15:09.371680,2,177.1537668328295,177.1537668328295,88,177.1537668328295,500,125
2024-07-28T13:15:10.218721Z,45,85,23,357,2024-07-28 13:15:09.371688,3,201.96173147338354,201.96173147338354,88,201.96173147338354,750,300
2024-07-28T13:15:10.650716Z,37,44,44,703,2024-07-28 13:15:09.371695,4,332.46622670077693,332.46622670077693,88,332.46622670077693,750,700
2024-07-28T13:15:11.075699Z,29,68,3,88,2024-07-28 13:15:09.371702,5,50.613976020102676,50.613976020102676,88,50.613976020102676,500,875
2024-07-28T13:15:11.495627Z,2,84,94,1300,2024-07-28 13:15:09.371708,6,117.15351811977695,117.15351811977695,88,117.15351811977695,250,700
2024-07-28T13:15:49.664466Z,33,85,96,178,2024-07-28 13:15:49.654731,1,101.12622630617071,101.12622630617071,89,101.12622630617071,250,300
2024-07-28T13:15:50.088564Z,7,72,13,307,2024-07-28 13:15:49.654780,2,177.1537668328295,177.1537668328295,89,177.1537668328295,500,125
2024-07-28T13:15:50.517848Z,65,30,87,357,2024-07-28 13:15:49.654787,3,201.96173147338354,201.96173147338354,89,201.96173147338354,750,300
2024-07-28T13:15:50.953042Z,18,66,38,703,2024-07-28 13:15:49.654793,4,332.46622670077693,332.46622670077693,89,332.46622670077693,750,700
2024-07-28T13:15:51.390535Z,73,10,35,88,2024-07-28 13:15:49.654801,5,50.613976020102676,50.613976020102676,89,50.613976020102676,500,875
2024-07-28T13:15:51.812814Z,28,99,97,1300,2024-07-28 13:15:49.654854,6,117.15351811977695,117.15351811977695,89,117.15351811977695,250,700
2024-07-28T13:16:30.090644Z,16,7,47,178,2024-07-28 13:16:30.065548,1,101.12622630617071,101.12622630617071,90,101.12622630617071,250,300
2024-07-28T13:16:30.516349Z,22,1,32,307,2024-07-28 13:16:30.065595,2,177.1537668328295,177.1537668328295,90,177.1537668328295,500,125
2024-07-28T13:16:30.945956Z,92,20,18,357,2024-07-28 13:16:30.065609,3,201.96173147338354,201.96173147338354,90,201.96173147338354,750,300
2024-07-28T13:16:31.367666Z,4,82,79,703,2024-07-28 13:16:30.065621,4,332.46622670077693,332.46622670077693,90,332.46622670077693,750,700
2024-07-28T13:16:31.791750Z,29,37,91,88,2024-07-28 13:16:30.065633,5,50.613976020102676,50.613976020102676,90,50.613976020102676,500,875
2024-07-28T13:16:32.215763Z,92,98,23,1300,2024-07-28 13:16:30.065644,6,117.15351811977695,117.15351811977695,90,117.15351811977695,250,700
2024-07-28T13:17:10.435146Z,15,8,4,178,2024-07-28 13:17:10.430924,1,101.12622630617071,101.12622630617071,91,101.12622630617071,250,300
2024-07-28T13:17:10.859857Z,90,71,25,307,2024-07-28 13:17:10.430956,2,177.1537668328295,177.1537668328295,91,177.1537668328295,500,125
2024-07-28T13:17:11.286017Z,97,97,50,357,2024-07-28 13:17:10.430964,3,201.96173147338354,201.96173147338354,91,201.96173147338354,750,300
2024-07-28T13:17:11.715575Z,25,19,39,703,2024-07-28 13:17:10.430971,4,332.46622670077693,332.46622670077693,91,332.46622670077693,750,700
2024-07-28T13:17:12.134553Z,4,50,65,88,2024-07-28 13:17:10.430979,5,50.613976020102676,50.613976020102676,91,50.613976020102676,500,875
2024-07-28T13:17:12.561115Z,67,57,53,1300,2024-07-28 13:17:10.430990,6,117.15351811977695,117.15351811977695,91,117.15351811977695,250,700
2024-07-28T13:17:50.476385Z,50,58,48,218,2024-07-28 13:17:50.471550,1,126.61979742324556,126.61979742324556,92,126.61979742324556,250,300
2024-07-28T13:17:50.903030Z,83,40,50,260,2024-07-28 13:17:50.471583,2,152.13527123848837,152.13527123848837,92,152.13527123848837,500,125
2024-07-28T13:17:51.321858Z,6,72,96,357,2024-07-28 13:17:50.471591,3,201.96173147338354,201.96173147338354,92,201.96173147338354,750,300
2024-07-28T13:17:51.742391Z,62,19,5,703,2024-07-28 13:17:50.471664,4,332.46622670077693,332.46622670077693,92,332.46622670077693,750,700
2024-07-28T13:17:52.164192Z,49,30,61,88,2024-07-28 13:17:50.471674,5,50.613976020102676,50.613976020102676,92,50.613976020102676,500,875
2024-07-28T13:17:52.587978Z,21,56,39,1300,2024-07-28 13:17:50.471686,6,117.15351811977695,117.15351811977695,92,117.15351811977695,250,700
2024-07-28T13:18:30.939386Z,48,74,19,218,2024-07-28 13:18:30.934706,1,126.61979742324556,126.61979742324556,93,126.61979742324556,250,300
2024-07-28T13:18:31.359267Z,24,54,33,260,2024-07-28 13:18:30.934738,2,152.13527123848837,152.13527123848837,93,152.13527123848837,500,125
2024-07-28T13:18:31.790180Z,7,77,40,357,2024-07-28 13:18:30.934746,3,201.96173147338354,201.96173147338354,93,201.96173147338354,750,300
2024-07-28T13:18:32.211777Z,4,99,57,703,2024-07-28 13:18:30.934752,4,332.46622670077693,332.46622670077693,93,332.46622670077693,750,700
2024-07-28T13:18:32.639796Z,72,28,98,88,2024-07-28 13:18:30.934759,5,50.613976020102676,50.613976020102676,93,50.613976020102676,500,875
2024-07-28T13:18:33.061029Z,4,67,45,1300,2024-07-28 13:18:30.934769,6,117.15351811977695,117.15351811977695,93,117.15351811977695,250,700
2024-07-28T13:19:11.141212Z,24,56,13,218,2024-07-28 13:19:11.136471,1,126.61979742324556,126.61979742324556,94,126.61979742324556,250,300
2024-07-28T13:19:11.570598Z,56,76,12,260,2024-07-28 13:19:11.136502,2,152.13527123848837,152.13527123848837,94,152.13527123848837,500,125
2024-07-28T13:19:12.001778Z,59,26,34,357,2024-07-28 13:19:11.136510,3,201.96173147338354,201.96173147338354,94,201.96173147338354,750,300
2024-07-28T13:19:12.437548Z,52,93,31,703,2024-07-28 13:19:11.136517,4,332.46622670077693,332.46622670077693,94,332.46622670077693,750,700
2024-07-28T13:19:12.882252Z,26,61,23,88,2024-07-28 13:19:11.136524,5,50.613976020102676,50.613976020102676,94,50.613976020102676,500,875
2024-07-28T13:19:13.308308Z,75,6,92,1300,2024-07-28 13:19:11.136536,6,117.15351811977695,117.15351811977695,94,117.15351811977695,250,700
2024-07-28T13:19:51.429942Z,15,31,21,218,2024-07-28 13:19:51.424749,1,126.61979742324556,126.61979742324556,95,126.61979742324556,250,300
2024-07-28T13:19:51.852305Z,96,27,90,260,2024-07-28 13:19:51.424779,2,152.13527123848837,152.13527123848837,95,152.13527123848837,500,125
2024-07-28T13:19:52.277286Z,31,45,11,357,2024-07-28 13:19:51.424787,3,201.96173147338354,201.96173147338354,95,201.96173147338354,750,300
2024-07-28T13:19:52.713051Z,95,100,16,703,2024-07-28 13:19:51.424794,4,332.46622670077693,332.46622670077693,95,332.46622670077693,750,700
2024-07-28T13:19:53.139703Z,58,5,72,88,2024-07-28 13:19:51.424801,5,50.613976020102676,50.613976020102676,95,50.613976020102676,500,875
2024-07-28T13:19:53.560236Z,62,16,65,1300,2024-07-28 13:19:51.424807,6,117.15351811977695,117.15351811977695,95,117.15351811977695,250,700
2024-07-28T13:20:31.652240Z,13,35,89,218,2024-07-28 13:20:31.647472,1,126.61979742324556,126.61979742324556,96,126.61979742324556,250,300
2024-07-28T13:20:32.075563Z,10,64,62,260,2024-07-28 13:20:31.647516,2,152.13527123848837,152.13527123848837,96,152.13527123848837,500,125
2024-07-28T13:20:32.508983Z,85,10,47,357,2024-07-28 13:20:31.647529,3,201.96173147338354,201.96173147338354,96,201.96173147338354,750,300
2024-07-28T13:20:32.931632Z,4,91,59,703,2024-07-28 13:20:31.647541,4,332.46622670077693,332.46622670077693,96,332.46622670077693,750,700
2024-07-28T13:20:33.351371Z,93,59,22,88,2024-07-28 13:20:31.647552,5,50.613976020102676,50.613976020102676,96,50.613976020102676,500,875
2024-07-28T13:20:33.770299Z,9,3,63,1300,2024-07-28 13:20:31.647564,6,117.15351811977695,117.15351811977695,96,117.15351811977695,250,700
2024-07-28T13:21:11.832165Z,87,17,34,218,2024-07-28 13:21:11.826654,1,126.61979742324556,126.61979742324556,97,126.61979742324556,250,300
2024-07-28T13:21:12.259442Z,59,35,80,260,2024-07-28 13:21:11.826695,2,152.13527123848837,152.13527123848837,97,152.13527123848837,500,125
2024-07-28T13:21:12.697525Z,67,27,93,357,2024-07-28 13:21:11.826708,3,201.96173147338354,201.96173147338354,97,201.96173147338354,750,300
2024-07-28T13:21:13.126478Z,14,58,67,703,2024-07-28 13:21:11.826721,4,332.46622670077693,332.46622670077693,97,332.46622670077693,750,700
2024-07-28T13:21:13.548917Z,97,25,63,88,2024-07-28 13:21:11.826732,5,50.613976020102676,50.613976020102676,97,50.613976020102676,500,875
2024-07-28T13:21:13.968426Z,62,28,66,1300,2024-07-28 13:21:11.826745,6,117.15351811977695,117.15351811977695,97,117.15351811977695,250,700
2024-07-28T13:21:52.214002Z,71,23,98,218,2024-07-28 13:21:52.209560,1,126.61979742324556,126.61979742324556,98,126.61979742324556,250,300
2024-07-28T13:21:52.634581Z,71,39,39,260,2024-07-28 13:21:52.209591,2,152.13527123848837,152.13527123848837,98,152.13527123848837,500,125
2024-07-28T13:21:53.061254Z,57,72,89,403,2024-07-28 13:21:52.209599,3,227.02263747153296,227.02263747153296,98,227.02263747153296,750,300
2024-07-28T13:21:53.487659Z,96,74,24,703,2024-07-28 13:21:52.209605,4,332.46622670077693,332.46622670077693,98,332.46622670077693,750,700
2024-07-28T13:21:53.906702Z,28,32,3,88,2024-07-28 13:21:52.209612,5,50.613976020102676,50.613976020102676,98,50.613976020102676,500,875
2024-07-28T13:21:54.326420Z,74,56,37,1260,2024-07-28 13:21:52.209618,6,96.50980187813624,96.50980187813624,98,96.50980187813624,250,700
2024-07-28T13:22:32.464395Z,33,97,39,218,2024-07-28 13:22:32.460042,1,126.61979742324556,126.61979742324556,99,126.61979742324556,250,300
2024-07-28T13:22:32.885795Z,64,59,20,260,2024-07-28 13:22:32.460076,2,152.13527123848837,152.13527123848837,99,152.13527123848837,500,125
2024-07-28T13:22:33.309264Z,64,39,80,403,2024-07-28 13:22:32.460084,3,227.02263747153296,227.02263747153296,99,227.02263747153296,750,300
2024-07-28T13:22:33.734713Z,76,50,47,703,2024-07-28 13:22:32.460091,4,332.46622670077693,332.46622670077693,99,332.46622670077693,750,700
2024-07-28T13:22:34.163606Z,50,42,7,88,2024-07-28 13:22:32.460097,5,50.613976020102676,50.613976020102676,99,50.613976020102676,500,875
2024-07-28T13:22:34.585042Z,75,40,35,1260,2024-07-28 13:22:32.460109,6,96.50980187813624,96.50980187813624,99,96.50980187813624,250,700
